match_number,espn_match_id,fifa_match_id,fifa_id_ifes,seed_match_id,kickoff_utc,kickoff_local,date_et,kickoff_et,stage,espn_season_slug,home_nation_id,away_nation_id,fifa_home_team_id,fifa_away_team_id,fifa_home_tactics,fifa_away_tactics,stadium_id,fifa_stadium_id,espn_venue_name,venue_string,status,home_score,away_score,fifa_attendance,fifa_referee_id,fifa_referee_country,fifa_referee_name,espn_status_raw,espn_notes
1,760415,400021443,151600,1.0,2026-06-11 19:00:00+00:00,2026-06-11 13:00:00-06:00,2026-06-11,15:00,group_a,group-stage,MEX,RSA,43911,43883,4-1-2-3,5-3-2,azteca,400222084,Estadio Banorte,"Estadio Azteca, Mexico City",finished,2,0,80824,361561,BRA,Wilton SAMPAIO,STATUS_FULL_TIME,
2,760414,400021441,151608,2.0,2026-06-12 02:00:00+00:00,2026-06-11 20:00:00-06:00,2026-06-11,22:00,group_a,group-stage,KOR,CZE,43822,43995,3-4-3,5-2-3,akron,400252150,Estadio Akron,"Estadio Akron, Zapopan",finished,2,1,44985,392013,EGY,Amin Mohamed Omar,STATUS_FULL_TIME,
3,760416,400021449,151614,7.0,2026-06-12 19:00:00+00:00,2026-06-12 15:00:00-04:00,2026-06-12,15:00,group_b,group-stage,CAN,BIH,43899,44037,4-4-2,4-4-2,bmo,400242032,BMO Field,"BMO Field, Toronto",finished,1,1,43002,416165,ARG,Facundo TELLO,STATUS_FULL_TIME,
4,760417,400021458,151625,19.0,2026-06-13 01:00:00+00:00,2026-06-12 18:00:00-07:00,2026-06-12,21:00,group_d,group-stage,USA,PAR,43921,43928,4-2-3-1,4-4-2,sofi,400017978,SoFi Stadium,"SoFi Stadium, Inglewood",finished,4,1,70492,327159,NED,Danny Desmond Makkelie,STATUS_FULL_TIME,
5,760420,400021447,151613,8.0,2026-06-13 19:00:00+00:00,2026-06-13 12:00:00-07:00,2026-06-13,15:00,group_b,group-stage,QAT,SUI,43834,43971,4-2-3-1,4-3-3,levis,400257521,Levi's Stadium,"Levi's Stadium, Santa Clara",finished,1,1,67966,400191,HON,Said MARTINEZ,STATUS_FULL_TIME,
6,760419,400021456,151620,13.0,2026-06-13 22:00:00+00:00,2026-06-13 18:00:00-04:00,2026-06-13,18:00,group_c,group-stage,BRA,MAR,43924,43872,4-4-2,4-2-3-1,metlife,400257536,MetLife Stadium,"MetLife Stadium, East Rutherford",finished,1,1,80663,315008,SVN,Slavko VINCIC,STATUS_FULL_TIME,
7,760418,400021453,151619,14.0,2026-06-14 01:00:00+00:00,2026-06-13 21:00:00-04:00,2026-06-13,21:00,group_c,group-stage,HAI,SCO,43908,43967,4-4-2,4-4-2,gillette,400248623,Gillette Stadium,"Gillette Stadium, Foxborough",finished,0,1,64146,375306,ALG,Mustapha Ghorbal,STATUS_FULL_TIME,
8,760421,400021463,151626,20.0,2026-06-14 04:00:00+00:00,2026-06-13 21:00:00-07:00,2026-06-14,00:00,group_d,group-stage,AUS,TUR,43976,43972,5-4-1,4-2-3-1,bcplace,400248370,BC Place,"BC Place, Vancouver",finished,2,0,52497,360305,VEN,Jesús Valenzuela Sáez,STATUS_FULL_TIME,
9,760422,400021464,151631,25.0,2026-06-14 17:00:00+00:00,2026-06-14 12:00:00-05:00,2026-06-14,13:00,group_e,group-stage,GER,CUW,43948,1895293,3-4-3,4-1-2-3,nrg,400249385,NRG Stadium,"NRG Stadium, Houston",finished,7,1,68021,416524,MAR,Jalal Jayed,STATUS_FULL_TIME,
10,760425,400021470,151638,31.0,2026-06-14 20:00:00+00:00,2026-06-14 15:00:00-05:00,2026-06-14,16:00,group_f,group-stage,NED,JPN,43960,43819,4-1-2-3,3-4-3,att,400257526,AT&T Stadium,"AT&T Stadium, Arlington",finished,2,2,69285,392406,USA,Ismail Elfath,STATUS_FULL_TIME,
11,760423,400021467,151632,26.0,2026-06-14 23:00:00+00:00,2026-06-14 19:00:00-04:00,2026-06-14,19:00,group_e,group-stage,CIV,ECU,43854,43927,4-4-2,4-4-2,lincoln,400248622,Lincoln Financial Field,"Lincoln Financial Field, Philadelphia",finished,1,0,68274,399029,FRA,François Letexier,STATUS_FULL_TIME,
12,760424,400021474,151637,32.0,2026-06-15 02:00:00+00:00,2026-06-14 20:00:00-06:00,2026-06-14,22:00,group_f,group-stage,SWE,TUN,43970,43888,3-4-1-2,5-3-2,bbva,400238450,Estadio BBVA,"Estadio BBVA, Monterrey",finished,5,1,50987,434995,ARG,Yael Falcón Pérez,STATUS_FULL_TIME,
13,760428,400021482,151649,43.0,2026-06-15 16:00:00+00:00,2026-06-15 12:00:00-04:00,2026-06-15,12:00,group_h,group-stage,ESP,CPV,43969,43850,4-1-2-3,4-1-2-3,mercedes,400098290,Mercedes-Benz Stadium,"Mercedes-Benz Stadium, Atlanta",finished,0,0,67640,361034,JOR,Adham Mohammad Tumah Makhadmeh,STATUS_FULL_TIME,
14,760426,400021478,151643,37.0,2026-06-15 19:00:00+00:00,2026-06-15 12:00:00-07:00,2026-06-15,15:00,group_g,group-stage,BEL,EGY,43935,43855,4-2-3-1,4-2-3-1,lumen,400216606,Lumen Field,"Lumen Field, Seattle",finished,1,1,66775,446932,BRA,Ramon ABATTI,STATUS_FULL_TIME,
15,760429,400021486,151650,44.0,2026-06-15 22:00:00+00:00,2026-06-15 18:00:00-04:00,2026-06-15,18:00,group_h,group-stage,KSA,URU,43835,43930,4-4-2,4-4-2,hardrock,400257525,Hard Rock Stadium,"Hard Rock Stadium, Miami Gardens",finished,1,1,62764,415965,ITA,Maurizio Mariani,STATUS_FULL_TIME,
16,760427,400021476,151644,38.0,2026-06-16 01:00:00+00:00,2026-06-15 18:00:00-07:00,2026-06-15,21:00,group_g,group-stage,IRN,NZL,43817,43978,4-3-3,4-4-2,sofi,400017978,SoFi Stadium,"SoFi Stadium, Inglewood",finished,2,2,70108,374810,MEX,César Arturo Ramos Palazuelos,STATUS_FULL_TIME,
17,760432,400021490,151656,49.0,2026-06-16 19:00:00+00:00,2026-06-16 15:00:00-04:00,2026-06-16,15:00,group_i,group-stage,FRA,SEN,43946,43879,4-2-3-1,4-3-3,metlife,400257536,MetLife Stadium,"MetLife Stadium, East Rutherford",finished,3,1,80545,283448,AUS,Alireza FAGHANI,STATUS_FULL_TIME,
18,760430,400021488,151655,50.0,2026-06-16 22:00:00+00:00,2026-06-16 18:00:00-04:00,2026-06-16,18:00,group_i,group-stage,IRQ,NOR,43818,43961,4-4-2,4-1-2-3,gillette,400248623,Gillette Stadium,"Gillette Stadium, Foxborough",finished,1,4,63106,408417,GAB,Pierre Ghislain Atcho,STATUS_FULL_TIME,
19,760433,400021496,151662,55.0,2026-06-17 01:00:00+00:00,2026-06-16 20:00:00-05:00,2026-06-16,21:00,group_j,group-stage,ARG,ALG,43922,43843,4-3-3,4-3-3,arrowhead,400254717,GEHA Field at Arrowhead Stadium,"Arrowhead Stadium, Kansas City",finished,3,0,69045,327975,POL,Szymon MARCINIAK,STATUS_FULL_TIME,
20,760431,400021498,151661,56.0,2026-06-17 04:00:00+00:00,2026-06-16 21:00:00-07:00,2026-06-17,00:00,group_j,group-stage,AUT,JOR,43934,43820,4-2-3-1,3-4-3,levis,400257521,Levi's Stadium,"Levi's Stadium, Santa Clara",finished,3,1,68527,408591,MTN,Dahane BEIDA,STATUS_FULL_TIME,
21,760435,400021502,151668,61.0,2026-06-17 17:00:00+00:00,2026-06-17 12:00:00-05:00,2026-06-17,13:00,group_k,group-stage,POR,COD,43963,20014,4-2-3-1,5-3-2,nrg,400249385,NRG Stadium,"NRG Stadium, Houston",finished,1,1,68777,361083,QAT,Abdulrahman AL JASSIM,STATUS_FULL_TIME,
22,760437,400021507,151673,67.0,2026-06-17 20:00:00+00:00,2026-06-17 15:00:00-05:00,2026-06-17,16:00,group_l,group-stage,ENG,CRO,43942,43938,4-2-3-1,3-4-3,att,400257526,AT&T Stadium,"AT&T Stadium, Arlington",finished,4,2,70389,314589,FRA,Clément Turpin,STATUS_FULL_TIME,
23,760434,400021510,151674,68.0,2026-06-17 23:00:00+00:00,2026-06-17 19:00:00-04:00,2026-06-17,19:00,group_l,group-stage,GHA,PAN,43860,43914,4-1-2-3,3-4-3,bmo,400242032,BMO Field,"BMO Field, Toronto",finished,1,0,42942,392336,SWE,Glenn Nyberg,STATUS_FULL_TIME,
24,760436,400021504,151667,62.0,2026-06-18 02:00:00+00:00,2026-06-17 20:00:00-06:00,2026-06-17,22:00,group_k,group-stage,UZB,COL,44005,43926,3-4-3,4-1-2-3,azteca,400222084,Estadio Banorte,"Estadio Azteca, Mexico City",finished,1,3,80824,360460,ENG,Anthony Taylor,STATUS_FULL_TIME,
25,760438,400021440,151610,3.0,2026-06-18 16:00:00+00:00,2026-06-18 12:00:00-04:00,2026-06-18,12:00,group_a,group-stage,CZE,RSA,43995,43883,3-5-2,4-3-3,mercedes,400098290,Mercedes-Benz Stadium,"Mercedes-Benz Stadium, Atlanta",finished,1,1,67442,428431,USA,Tori Penso,STATUS_FULL_TIME,
26,760439,400021446,151616,9.0,2026-06-18 19:00:00+00:00,2026-06-18 12:00:00-07:00,2026-06-18,15:00,group_b,group-stage,SUI,BIH,43971,44037,4-3-3,4-4-2,sofi,400017978,SoFi Stadium,"SoFi Stadium, Inglewood",finished,4,1,70026,392268,POR,João Pedro Silva Pinheiro,STATUS_FULL_TIME,
27,760440,400021450,151615,10.0,2026-06-18 22:00:00+00:00,2026-06-18 15:00:00-07:00,2026-06-18,18:00,group_b,group-stage,CAN,QAT,43899,43834,4-4-2,4-3-3,bcplace,400248370,BC Place,"BC Place, Vancouver",finished,6,0,52497,416177,CHI,Cristián Marcelo Garay Reyes,STATUS_FULL_TIME,
28,760441,400021442,151609,4.0,2026-06-19 01:00:00+00:00,2026-06-18 19:00:00-06:00,2026-06-18,21:00,group_a,group-stage,MEX,KOR,43911,43822,4-1-2-3,3-4-3,akron,400252150,Estadio Akron,"Estadio Akron, Zapopan",finished,1,0,45522,408669,URU,Gustavo Tejera,STATUS_FULL_TIME,
29,760442,400021462,151627,21.0,2026-06-19 19:00:00+00:00,2026-06-19 12:00:00-07:00,2026-06-19,15:00,group_d,group-stage,USA,AUS,43921,43976,3-5-2,5-4-1,lumen,400216606,Lumen Field,"Lumen Field, Seattle",finished,2,0,66925,348147,GER,Felix Zwayer,STATUS_FULL_TIME,
30,760445,400021454,151621,15.0,2026-06-19 22:00:00+00:00,2026-06-19 18:00:00-04:00,2026-06-19,18:00,group_c,group-stage,SCO,MAR,43967,43872,4-4-2,4-2-3-1,gillette,400248623,Gillette Stadium,"Gillette Stadium, Foxborough",finished,0,1,64146,360687,UZB,Ilgiz Tantashev,STATUS_FULL_TIME,
31,760444,400021457,151622,16.0,2026-06-20 00:30:00+00:00,2026-06-19 20:30:00-04:00,2026-06-19,21:00,group_c,group-stage,BRA,HAI,43924,43908,4-3-3,5-4-1,lincoln,400248622,Lincoln Financial Field,"Lincoln Financial Field, Philadelphia",finished,3,0,68324,373845,ESP,Alejandro José Hernández Hernández,STATUS_FULL_TIME,
32,760443,400021460,151628,22.0,2026-06-20 03:00:00+00:00,2026-06-19 20:00:00-07:00,2026-06-19,00:00,group_d,group-stage,TUR,PAR,43972,43928,4-2-3-1,4-2-3-1,levis,400257521,Levi's Stadium,"Levi's Stadium, Santa Clara",finished,0,1,68827,408378,SLV,Ivan Arcides Barton Cisneros,STATUS_FULL_TIME,
33,760447,400021472,151640,33.0,2026-06-20 17:00:00+00:00,2026-06-20 12:00:00-05:00,2026-06-20,13:00,group_f,group-stage,NED,SWE,43960,43970,4-3-3,3-5-2,nrg,400249385,NRG Stadium,"NRG Stadium, Houston",finished,5,1,68777,347710,ENG,Michael Oliver,STATUS_FULL_TIME,
34,760448,400021469,151634,27.0,2026-06-20 20:00:00+00:00,2026-06-20 16:00:00-04:00,2026-06-20,16:00,group_e,group-stage,GER,CIV,43948,43854,4-2-3-1,4-1-2-3,bmo,400242032,BMO Field,"BMO Field, Toronto",finished,2,1,43036,416159,PAR,Juan Gabriel Benítez,STATUS_FULL_TIME,
35,760446,400021465,151633,28.0,2026-06-21 00:00:00+00:00,2026-06-20 19:00:00-05:00,2026-06-20,20:00,group_e,group-stage,ECU,CUW,43927,1895293,3-5-2,5-3-2,arrowhead,400254717,GEHA Field at Arrowhead Stadium,"Arrowhead Stadium, Kansas City",finished,0,0,68598,328495,CHN,Ning Ma,STATUS_FULL_TIME,
36,760449,400021475,151639,34.0,2026-06-21 04:00:00+00:00,2026-06-20 22:00:00-06:00,2026-06-21,00:00,group_f,group-stage,TUN,JPN,43888,43819,5-3-2,3-4-3,bbva,400238450,Estadio BBVA,"Estadio BBVA, Monterrey",finished,0,4,51243,314605,ROU,Istvan Kovacs,STATUS_FULL_TIME,
37,760453,400021483,151651,45.0,2026-06-21 16:00:00+00:00,2026-06-21 12:00:00-04:00,2026-06-21,12:00,group_h,group-stage,ESP,KSA,43969,43835,4-1-2-3,5-4-1,mercedes,400098290,Mercedes-Benz Stadium,"Mercedes-Benz Stadium, Atlanta",finished,4,0,68239,383222,BRA,Raphael Claus,STATUS_FULL_TIME,
38,760451,400021477,151646,39.0,2026-06-21 19:00:00+00:00,2026-06-21 12:00:00-07:00,2026-06-21,15:00,group_g,group-stage,BEL,IRN,43935,43817,4-2-3-1,5-2-3,sofi,400017978,SoFi Stadium,"SoFi Stadium, Inglewood",finished,0,0,70317,383174,ARG,Darío Herrera,STATUS_FULL_TIME,
39,760450,400021487,151652,46.0,2026-06-21 22:00:00+00:00,2026-06-21 18:00:00-04:00,2026-06-21,18:00,group_h,group-stage,URU,CPV,43930,43850,4-1-2-3,4-1-2-3,hardrock,400257525,Hard Rock Stadium,"Hard Rock Stadium, Miami Gardens",finished,2,2,64003,400227,NOR,Espen Eskås,STATUS_FULL_TIME,
40,760452,400021480,151645,40.0,2026-06-22 01:00:00+00:00,2026-06-21 18:00:00-07:00,2026-06-21,21:00,group_g,group-stage,NZL,EGY,43978,43855,4-4-2,4-2-3-1,bcplace,400248370,BC Place,"BC Place, Vancouver",finished,1,3,52497,383421,UAE,Omar Mohamed Al Ali,STATUS_FULL_TIME,
41,760456,400021494,151664,57.0,2026-06-22 17:00:00+00:00,2026-06-22 12:00:00-05:00,2026-06-22,13:00,group_j,group-stage,ARG,AUT,43922,43934,4-1-3-2,4-2-3-1,att,400257526,AT&T Stadium,"AT&T Stadium, Arlington",finished,2,0,70649,392013,EGY,Amin Mohamed Omar,STATUS_FULL_TIME,
42,760457,400021492,151657,51.0,2026-06-22 21:00:00+00:00,2026-06-22 17:00:00-04:00,2026-06-22,17:00,group_i,group-stage,FRA,IRQ,43946,43818,4-2-3-1,4-2-3-1,lincoln,400248622,Lincoln Financial Field,"Lincoln Financial Field, Philadelphia",finished,3,0,,372930,CAN,Drew Fischer,STATUS_FULL_TIME,
43,760454,400021491,151658,52.0,2026-06-23 00:00:00+00:00,2026-06-22 20:00:00-04:00,2026-06-22,20:00,group_i,group-stage,NOR,SEN,43961,43879,4-1-2-3,4-3-3,metlife,400257536,MetLife Stadium,"MetLife Stadium, East Rutherford",finished,3,2,80663,361561,BRA,Wilton SAMPAIO,STATUS_FULL_TIME,
44,760455,400021499,151663,58.0,2026-06-23 03:00:00+00:00,2026-06-22 20:00:00-07:00,2026-06-22,23:00,group_j,group-stage,JOR,ALG,43820,43843,3-4-3,4-2-1-3,levis,400257521,Levi's Stadium,"Levi's Stadium, Santa Clara",live,1,0,,315008,SVN,Slavko VINCIC,STATUS_SECOND_HALF,
45,760461,400021503,151670,63.0,2026-06-23 17:00:00+00:00,2026-06-23 12:00:00-05:00,2026-06-23,13:00,group_k,group-stage,POR,UZB,43963,44005,,,nrg,400249385,NRG Stadium,"NRG Stadium, Houston",scheduled,0,0,,416524,MAR,Jalal Jayed,STATUS_SCHEDULED,
46,760458,400021506,151676,69.0,2026-06-23 20:00:00+00:00,2026-06-23 16:00:00-04:00,2026-06-23,16:00,group_l,group-stage,ENG,GHA,43942,43860,,,gillette,400248623,Gillette Stadium,"Gillette Stadium, Foxborough",scheduled,0,0,,400191,HON,Said MARTINEZ,STATUS_SCHEDULED,
47,760460,400021511,151675,70.0,2026-06-23 23:00:00+00:00,2026-06-23 19:00:00-04:00,2026-06-23,19:00,group_l,group-stage,PAN,CRO,43914,43938,,,bmo,400242032,BMO Field,"BMO Field, Toronto",scheduled,0,0,,408417,GAB,Pierre Ghislain Atcho,STATUS_SCHEDULED,
48,760459,400021501,151669,64.0,2026-06-24 02:00:00+00:00,2026-06-23 20:00:00-06:00,2026-06-23,22:00,group_k,group-stage,COL,COD,43926,20014,,,akron,400252150,Estadio Akron,"Estadio Akron, Zapopan",scheduled,0,0,,415965,ITA,Maurizio Mariani,STATUS_SCHEDULED,
49,760462,400021448,151618,12.0,2026-06-24 19:00:00+00:00,2026-06-24 12:00:00-07:00,2026-06-24,15:00,group_b,group-stage,BIH,QAT,44037,43834,,,lumen,400216606,Lumen Field,"Lumen Field, Seattle",scheduled,0,0,,360305,VEN,Jesús Valenzuela Sáez,STATUS_SCHEDULED,
50,760463,400021451,151617,11.0,2026-06-24 19:00:00+00:00,2026-06-24 12:00:00-07:00,2026-06-24,15:00,group_b,group-stage,SUI,CAN,43971,43899,,,bcplace,400248370,BC Place,"BC Place, Vancouver",scheduled,0,0,,446932,BRA,Ramon ABATTI,STATUS_SCHEDULED,
51,760465,400021455,151624,18.0,2026-06-24 22:00:00+00:00,2026-06-24 18:00:00-04:00,2026-06-24,18:00,group_c,group-stage,SCO,BRA,43967,43924,,,hardrock,400257525,Hard Rock Stadium,"Hard Rock Stadium, Miami Gardens",scheduled,0,0,,374810,MEX,César Arturo Ramos Palazuelos,STATUS_SCHEDULED,
52,760464,400021452,151623,17.0,2026-06-24 22:00:00+00:00,2026-06-24 18:00:00-04:00,2026-06-24,18:00,group_c,group-stage,MAR,HAI,43872,43908,,,mercedes,400098290,Mercedes-Benz Stadium,"Mercedes-Benz Stadium, Atlanta",scheduled,0,0,,327159,NED,Danny Desmond Makkelie,STATUS_SCHEDULED,
53,760467,400021444,151611,5.0,2026-06-25 01:00:00+00:00,2026-06-24 19:00:00-06:00,2026-06-24,21:00,group_a,group-stage,CZE,MEX,43995,43911,,,azteca,400222084,Estadio Banorte,"Estadio Azteca, Mexico City",scheduled,0,0,,434995,ARG,Yael Falcón Pérez,STATUS_SCHEDULED,
54,760466,400021445,151612,6.0,2026-06-25 01:00:00+00:00,2026-06-24 19:00:00-06:00,2026-06-24,21:00,group_a,group-stage,RSA,KOR,43883,43822,,,bbva,400238450,Estadio BBVA,"Estadio BBVA, Monterrey",scheduled,0,0,,416165,ARG,Facundo TELLO,STATUS_SCHEDULED,
55,760468,400021466,151636,30.0,2026-06-25 20:00:00+00:00,2026-06-25 16:00:00-04:00,2026-06-25,16:00,group_e,group-stage,ECU,GER,43927,43948,,,metlife,400257536,MetLife Stadium,"MetLife Stadium, East Rutherford",scheduled,0,0,,,,,STATUS_SCHEDULED,
56,760473,400021468,151635,29.0,2026-06-25 20:00:00+00:00,2026-06-25 16:00:00-04:00,2026-06-25,16:00,group_e,group-stage,CUW,CIV,1895293,43854,,,lincoln,400248622,Lincoln Financial Field,"Lincoln Financial Field, Philadelphia",scheduled,0,0,,,,,STATUS_SCHEDULED,
57,760472,400021473,151642,36.0,2026-06-25 23:00:00+00:00,2026-06-25 18:00:00-05:00,2026-06-25,19:00,group_f,group-stage,TUN,NED,43888,43960,,,arrowhead,400254717,GEHA Field at Arrowhead Stadium,"Arrowhead Stadium, Kansas City",scheduled,0,0,,,,,STATUS_SCHEDULED,
58,760471,400021471,151641,35.0,2026-06-25 23:00:00+00:00,2026-06-25 18:00:00-05:00,2026-06-25,19:00,group_f,group-stage,JPN,SWE,43819,43970,,,att,400257526,AT&T Stadium,"AT&T Stadium, Arlington",scheduled,0,0,,,,,STATUS_SCHEDULED,
59,760470,400021459,151630,23.0,2026-06-26 02:00:00+00:00,2026-06-25 19:00:00-07:00,2026-06-25,22:00,group_d,group-stage,TUR,USA,43972,43921,,,sofi,400017978,SoFi Stadium,"SoFi Stadium, Inglewood",scheduled,0,0,,,,,STATUS_SCHEDULED,
60,760469,400021461,151629,24.0,2026-06-26 02:00:00+00:00,2026-06-25 19:00:00-07:00,2026-06-25,22:00,group_d,group-stage,PAR,AUS,43928,43976,,,levis,400257521,Levi's Stadium,"Levi's Stadium, Santa Clara",scheduled,0,0,,,,,STATUS_SCHEDULED,
61,760474,400021493,151659,54.0,2026-06-26 19:00:00+00:00,2026-06-26 15:00:00-04:00,2026-06-26,15:00,group_i,group-stage,SEN,IRQ,43879,43818,,,bmo,400242032,BMO Field,"BMO Field, Toronto",scheduled,0,0,,,,,STATUS_SCHEDULED,
62,760475,400021489,151660,53.0,2026-06-26 19:00:00+00:00,2026-06-26 15:00:00-04:00,2026-06-26,15:00,group_i,group-stage,NOR,FRA,43961,43946,,,gillette,400248623,Gillette Stadium,"Gillette Stadium, Foxborough",scheduled,0,0,,,,,STATUS_SCHEDULED,
63,760479,400021484,151653,48.0,2026-06-27 00:00:00+00:00,2026-06-26 18:00:00-06:00,2026-06-26,20:00,group_h,group-stage,URU,ESP,43930,43969,,,akron,400252150,Estadio Akron,"Estadio Akron, Zapopan",scheduled,0,0,,,,,STATUS_SCHEDULED,
64,760478,400021485,151654,47.0,2026-06-27 00:00:00+00:00,2026-06-26 19:00:00-05:00,2026-06-26,20:00,group_h,group-stage,CPV,KSA,43850,43835,,,nrg,400249385,NRG Stadium,"NRG Stadium, Houston",scheduled,0,0,,,,,STATUS_SCHEDULED,
65,760477,400021481,151647,42.0,2026-06-27 03:00:00+00:00,2026-06-26 20:00:00-07:00,2026-06-26,23:00,group_g,group-stage,NZL,BEL,43978,43935,,,bcplace,400248370,BC Place,"BC Place, Vancouver",scheduled,0,0,,,,,STATUS_SCHEDULED,
66,760476,400021479,151648,41.0,2026-06-27 03:00:00+00:00,2026-06-26 20:00:00-07:00,2026-06-26,23:00,group_g,group-stage,EGY,IRN,43855,43817,,,lumen,400216606,Lumen Field,"Lumen Field, Seattle",scheduled,0,0,,,,,STATUS_SCHEDULED,
67,760480,400021509,151677,72.0,2026-06-27 21:00:00+00:00,2026-06-27 17:00:00-04:00,2026-06-27,17:00,group_l,group-stage,CRO,GHA,43938,43860,,,lincoln,400248622,Lincoln Financial Field,"Lincoln Financial Field, Philadelphia",scheduled,0,0,,,,,STATUS_SCHEDULED,
68,760485,400021508,151678,71.0,2026-06-27 21:00:00+00:00,2026-06-27 17:00:00-04:00,2026-06-27,17:00,group_l,group-stage,PAN,ENG,43914,43942,,,metlife,400257536,MetLife Stadium,"MetLife Stadium, East Rutherford",scheduled,0,0,,,,,STATUS_SCHEDULED,
69,760481,400021505,151672,65.0,2026-06-27 23:30:00+00:00,2026-06-27 19:30:00-04:00,2026-06-27,19:30,group_k,group-stage,COL,POR,43926,43963,,,hardrock,400257525,Hard Rock Stadium,"Hard Rock Stadium, Miami Gardens",scheduled,0,0,,,,,STATUS_SCHEDULED,
70,760482,400021500,151671,66.0,2026-06-27 23:30:00+00:00,2026-06-27 19:30:00-04:00,2026-06-27,19:30,group_k,group-stage,COD,UZB,20014,44005,,,mercedes,400098290,Mercedes-Benz Stadium,"Mercedes-Benz Stadium, Atlanta",scheduled,0,0,,,,,STATUS_SCHEDULED,
71,760484,400021497,151666,59.0,2026-06-28 02:00:00+00:00,2026-06-27 21:00:00-05:00,2026-06-27,22:00,group_j,group-stage,ALG,AUT,43843,43934,,,arrowhead,400254717,GEHA Field at Arrowhead Stadium,"Arrowhead Stadium, Kansas City",scheduled,0,0,,,,,STATUS_SCHEDULED,
72,760483,400021495,151665,60.0,2026-06-28 02:00:00+00:00,2026-06-27 21:00:00-05:00,2026-06-27,22:00,group_j,group-stage,JOR,ARG,43820,43922,,,att,400257526,AT&T Stadium,"AT&T Stadium, Arlington",scheduled,0,0,,,,,STATUS_SCHEDULED,
73,760486,,,,2026-06-28 19:00:00+00:00,2026-06-28 12:00:00-07:00,2026-06-28,,r32,round-of-32,,,,,,,sofi,,SoFi Stadium,,scheduled,0,0,,,,,STATUS_SCHEDULED,
74,760487,,,,2026-06-29 17:00:00+00:00,2026-06-29 12:00:00-05:00,2026-06-29,,r32,round-of-32,,,,,,,nrg,,NRG Stadium,,scheduled,0,0,,,,,STATUS_SCHEDULED,
75,760489,,,,2026-06-29 20:30:00+00:00,2026-06-29 16:30:00-04:00,2026-06-29,,r32,round-of-32,GER,,,,,,gillette,,Gillette Stadium,,scheduled,0,0,,,,,STATUS_SCHEDULED,
76,760488,,,,2026-06-30 01:00:00+00:00,2026-06-29 19:00:00-06:00,2026-06-29,,r32,round-of-32,,,,,,,bbva,,Estadio BBVA,,scheduled,0,0,,,,,STATUS_SCHEDULED,
77,760490,,,,2026-06-30 17:00:00+00:00,2026-06-30 12:00:00-05:00,2026-06-30,,r32,round-of-32,,,,,,,att,,AT&T Stadium,,scheduled,0,0,,,,,STATUS_SCHEDULED,
78,760492,,,,2026-06-30 21:00:00+00:00,2026-06-30 17:00:00-04:00,2026-06-30,,r32,round-of-32,,,,,,,metlife,,MetLife Stadium,,scheduled,0,0,,,,,STATUS_SCHEDULED,
79,760491,,,,2026-07-01 01:00:00+00:00,2026-06-30 19:00:00-06:00,2026-06-30,,r32,round-of-32,MEX,,,,,,azteca,,Estadio Banorte,,scheduled,0,0,,,,,STATUS_SCHEDULED,
80,760495,,,,2026-07-01 16:00:00+00:00,2026-07-01 12:00:00-04:00,2026-07-01,,r32,round-of-32,,,,,,,mercedes,,Mercedes-Benz Stadium,,scheduled,0,0,,,,,STATUS_SCHEDULED,
81,760493,,,,2026-07-01 20:00:00+00:00,2026-07-01 13:00:00-07:00,2026-07-01,,r32,round-of-32,,,,,,,lumen,,Lumen Field,,scheduled,0,0,,,,,STATUS_SCHEDULED,
82,760494,,,,2026-07-02 00:00:00+00:00,2026-07-01 17:00:00-07:00,2026-07-01,,r32,round-of-32,USA,,,,,,levis,,Levi's Stadium,,scheduled,0,0,,,,,STATUS_SCHEDULED,
83,760497,,,,2026-07-02 19:00:00+00:00,2026-07-02 12:00:00-07:00,2026-07-02,,r32,round-of-32,,,,,,,sofi,,SoFi Stadium,,scheduled,0,0,,,,,STATUS_SCHEDULED,
84,760496,,,,2026-07-02 23:00:00+00:00,2026-07-02 19:00:00-04:00,2026-07-02,,r32,round-of-32,,,,,,,bmo,,BMO Field,,scheduled,0,0,,,,,STATUS_SCHEDULED,
85,760498,,,,2026-07-03 03:00:00+00:00,2026-07-02 20:00:00-07:00,2026-07-02,,r32,round-of-32,,,,,,,bcplace,,BC Place,,scheduled,0,0,,,,,STATUS_SCHEDULED,
86,760499,,,,2026-07-03 18:00:00+00:00,2026-07-03 13:00:00-05:00,2026-07-03,,r32,round-of-32,,,,,,,att,,AT&T Stadium,,scheduled,0,0,,,,,STATUS_SCHEDULED,
87,760500,,,,2026-07-03 22:00:00+00:00,2026-07-03 18:00:00-04:00,2026-07-03,,r32,round-of-32,,,,,,,hardrock,,Hard Rock Stadium,,scheduled,0,0,,,,,STATUS_SCHEDULED,
88,760501,,,,2026-07-04 01:30:00+00:00,2026-07-03 20:30:00-05:00,2026-07-03,,r32,round-of-32,,,,,,,arrowhead,,GEHA Field at Arrowhead Stadium,,scheduled,0,0,,,,,STATUS_SCHEDULED,
89,760502,,,,2026-07-04 17:00:00+00:00,2026-07-04 12:00:00-05:00,2026-07-04,,r16,round-of-16,,,,,,,nrg,,NRG Stadium,,scheduled,0,0,,,,,STATUS_SCHEDULED,
90,760503,,,,2026-07-04 21:00:00+00:00,2026-07-04 17:00:00-04:00,2026-07-04,,r16,round-of-16,,,,,,,lincoln,,Lincoln Financial Field,,scheduled,0,0,,,,,STATUS_SCHEDULED,
91,760504,,,,2026-07-05 20:00:00+00:00,2026-07-05 16:00:00-04:00,2026-07-05,,r16,round-of-16,,,,,,,metlife,,MetLife Stadium,,scheduled,0,0,,,,,STATUS_SCHEDULED,
92,760505,,,,2026-07-06 00:00:00+00:00,2026-07-05 18:00:00-06:00,2026-07-05,,r16,round-of-16,,,,,,,azteca,,Estadio Banorte,,scheduled,0,0,,,,,STATUS_SCHEDULED,
93,760506,,,,2026-07-06 19:00:00+00:00,2026-07-06 14:00:00-05:00,2026-07-06,,r16,round-of-16,,,,,,,att,,AT&T Stadium,,scheduled,0,0,,,,,STATUS_SCHEDULED,
94,760507,,,,2026-07-07 00:00:00+00:00,2026-07-06 17:00:00-07:00,2026-07-06,,r16,round-of-16,,,,,,,lumen,,Lumen Field,,scheduled,0,0,,,,,STATUS_SCHEDULED,
95,760509,,,,2026-07-07 16:00:00+00:00,2026-07-07 12:00:00-04:00,2026-07-07,,r16,round-of-16,,,,,,,mercedes,,Mercedes-Benz Stadium,,scheduled,0,0,,,,,STATUS_SCHEDULED,
96,760508,,,,2026-07-07 20:00:00+00:00,2026-07-07 13:00:00-07:00,2026-07-07,,r16,round-of-16,,,,,,,bcplace,,BC Place,,scheduled,0,0,,,,,STATUS_SCHEDULED,
97,760510,,,,2026-07-09 20:00:00+00:00,2026-07-09 16:00:00-04:00,2026-07-09,,qf,quarterfinals,,,,,,,gillette,,Gillette Stadium,,scheduled,0,0,,,,,STATUS_SCHEDULED,
98,760511,,,,2026-07-10 19:00:00+00:00,2026-07-10 12:00:00-07:00,2026-07-10,,qf,quarterfinals,,,,,,,sofi,,SoFi Stadium,,scheduled,0,0,,,,,STATUS_SCHEDULED,
99,760512,,,,2026-07-11 21:00:00+00:00,2026-07-11 17:00:00-04:00,2026-07-11,,qf,quarterfinals,,,,,,,hardrock,,Hard Rock Stadium,,scheduled,0,0,,,,,STATUS_SCHEDULED,
100,760513,,,,2026-07-12 01:00:00+00:00,2026-07-11 20:00:00-05:00,2026-07-11,,qf,quarterfinals,,,,,,,arrowhead,,GEHA Field at Arrowhead Stadium,,scheduled,0,0,,,,,STATUS_SCHEDULED,
101,760514,,,,2026-07-14 19:00:00+00:00,2026-07-14 14:00:00-05:00,2026-07-14,,sf,semifinals,,,,,,,att,,AT&T Stadium,,scheduled,0,0,,,,,STATUS_SCHEDULED,
102,760515,,,,2026-07-15 19:00:00+00:00,2026-07-15 15:00:00-04:00,2026-07-15,,sf,semifinals,,,,,,,mercedes,,Mercedes-Benz Stadium,,scheduled,0,0,,,,,STATUS_SCHEDULED,
103,760516,,,,2026-07-18 21:00:00+00:00,2026-07-18 17:00:00-04:00,2026-07-18,,third_place,3rd-place-match,,,,,,,hardrock,,Hard Rock Stadium,,scheduled,0,0,,,,,STATUS_SCHEDULED,
104,760517,,,,2026-07-19 19:00:00+00:00,2026-07-19 15:00:00-04:00,2026-07-19,,final,final,,,,,,,metlife,,MetLife Stadium,,scheduled,0,0,,,,,STATUS_SCHEDULED,
