match_number,espn_match_id,fifa_match_id,fifa_id_ifes,seed_match_id,kickoff_utc,kickoff_local,date_et,kickoff_et,stage,espn_season_slug,home_nation_id,away_nation_id,fifa_home_team_id,fifa_away_team_id,fifa_home_tactics,fifa_away_tactics,stadium_id,fifa_stadium_id,espn_venue_name,venue_string,status,home_score,away_score,fifa_attendance,fifa_referee_id,fifa_referee_country,fifa_referee_name,espn_status_raw,espn_notes,stadium_capacity,roof_type,surface,local_date,local_hour,temperature_c,apparent_temp_c,humidity_pct,home_confederation,home_group,home_pot,home_fifa_rank,home_squad_valuation_m_eur,home_is_host,home_espn_team_id,home_fotmob_team_id,home_tm_team_id,home_all_names,away_confederation,away_group,away_pot,away_fifa_rank,away_squad_valuation_m_eur,away_is_host,away_espn_team_id,away_fotmob_team_id,away_tm_team_id,away_all_names,referee_referee_id,referee_confederation,referee_flag_iso,referee_nation_id,referee_fm_id,referee_slug,referee_fm_url,volume_moneyline,volume_other
1,760415,400021443,151600,1.0,2026-06-11 19:00:00+00:00,2026-06-11 13:00:00-06:00,2026-06-11,15:00,group_a,group-stage,MEX,RSA,43911,43883,4-1-2-3,5-3-2,azteca,400222084,Estadio Banorte,"Estadio Azteca, Mexico City",finished,2,0,80824,361561,BRA,Wilton SAMPAIO,STATUS_FULL_TIME,,87523,open,grass,2026-06-11,13.0,22.6,25.1,53.0,CONCACAF,A,1.0,14.0,240.0,True,203,6710.0,6303.0,['Mexico'],CAF,A,4.0,58.0,65.0,False,467,6316.0,3806.0,['South Africa' 'south africa'],wilton-pereira-sampaio-br,CONMEBOL,br,BRA,5137.0,wilton-pereira-sampaio,https://footymetrics.com/referees/5137-wilton-pereira-sampaio,15053443.620278258,8309842.777147982
2,760414,400021441,151608,2.0,2026-06-12 02:00:00+00:00,2026-06-11 20:00:00-06:00,2026-06-11,22:00,group_a,group-stage,KOR,CZE,43822,43995,3-4-3,5-2-3,akron,400252150,Estadio Akron,"Estadio Akron, Zapopan",finished,2,1,44985,392013,EGY,Amin Mohamed Omar,STATUS_FULL_TIME,,49850,open,grass,2026-06-11,20.0,21.0,21.7,77.0,AFC,A,2.0,23.0,250.0,False,451,7804.0,3589.0,"['South Korea' 'south korea' 'korea republic' 'republic of korea'
 'korea south']",UEFA,A,3.0,42.0,220.0,False,450,8496.0,3445.0,['Czechia' 'Czech Republic' 'czechia' 'czech republic'],amin-mohamed-omar-eg,CAF,eg,EGY,33272.0,amin-mohamed-omar,https://footymetrics.com/referees/33272-amin-mohamed-omar,15558013.58900346,4446498.4265290005
3,760416,400021449,151614,7.0,2026-06-12 19:00:00+00:00,2026-06-12 13:00:00-06:00,2026-06-12,15:00,group_b,group-stage,CAN,BIH,43899,44037,4-4-2,4-4-2,bmo,400242032,BMO Field,"BMO Field, Toronto",finished,1,1,43002,416165,ARG,Facundo TELLO,STATUS_FULL_TIME,,45500,open,grass_overlay,2026-06-12,15.0,26.3,26.0,44.0,CONCACAF,B,1.0,31.0,230.0,True,206,5810.0,3510.0,['Canada'],UEFA,B,3.0,55.0,130.0,False,452,10106.0,3446.0,"['Bosnia & Herzegovina' 'Bosnia-Herzegovina' 'Bosnia and Herzegovina'
 'bosnia herzegovina' 'bosnia and herzegovina' 'bosnia & herzegovina']",,,,,,,,0.0,5990591.143094999
4,760417,400021458,151625,19.0,2026-06-13 01:00:00+00:00,2026-06-12 19:00:00-06:00,2026-06-12,21:00,group_d,group-stage,USA,PAR,43921,43928,4-2-3-1,4-4-2,sofi,400017978,SoFi Stadium,"SoFi Stadium, Inglewood",finished,4,1,70492,327159,NED,Danny Desmond Makkelie,STATUS_FULL_TIME,,70240,fixed,grass,2026-06-12,18.0,23.3,23.6,64.0,CONCACAF,D,1.0,16.0,320.0,True,660,6713.0,3505.0,['United States' 'USA' 'united states' 'usa' 'united states of america'],CONMEBOL,D,4.0,56.0,90.0,False,210,6724.0,3581.0,['Paraguay'],danny-desmond-makkelie-cw,UEFA,cw,CUW,59.0,danny-desmond-makkelie,https://footymetrics.com/referees/59-danny-desmond-makkelie,39314225.7708813,8031504.552253009
5,760420,400021447,151613,8.0,2026-06-13 19:00:00+00:00,2026-06-13 13:00:00-06:00,2026-06-13,15:00,group_b,group-stage,QAT,SUI,43834,43971,4-2-3-1,4-3-3,levis,400257521,Levi's Stadium,"Levi's Stadium, Santa Clara",finished,1,1,67966,400191,HON,Said MARTINEZ,STATUS_FULL_TIME,,68500,open,grass,2026-06-13,12.0,26.1,28.2,43.0,AFC,B,4.0,35.0,60.0,False,4398,5902.0,14162.0,['Qatar'],UEFA,B,2.0,19.0,270.0,False,475,6717.0,3384.0,['Switzerland'],said-martinez-xx,,,,4634531.0,said-martinez,https://footymetrics.com/referees/4634531-said-martinez,15599199.601551002,13943172.24389495
6,760419,400021456,151620,13.0,2026-06-13 22:00:00+00:00,2026-06-13 16:00:00-06:00,2026-06-13,18:00,group_c,group-stage,BRA,MAR,43924,43872,4-4-2,4-2-3-1,metlife,400257536,MetLife Stadium,"MetLife Stadium, East Rutherford",finished,1,1,80663,315008,SVN,Slavko VINCIC,STATUS_FULL_TIME,,82500,open,grass_overlay,2026-06-13,18.0,31.3,30.1,29.0,CONMEBOL,C,1.0,5.0,1050.0,False,205,8256.0,3439.0,['Brazil'],CAF,C,2.0,12.0,360.0,False,2869,6262.0,3575.0,['Morocco'],slavko-vinčić-si,UEFA,si,SVN,681.0,slavko-vincic,https://footymetrics.com/referees/681-slavko-vincic,26089929.591100655,12103681.081361977
7,760418,400021453,151619,14.0,2026-06-14 01:00:00+00:00,2026-06-13 19:00:00-06:00,2026-06-13,21:00,group_c,group-stage,HAI,SCO,43908,43967,4-4-2,4-4-2,gillette,400248623,Gillette Stadium,"Gillette Stadium, Foxborough",finished,0,1,64146,375306,ALG,Mustapha Ghorbal,STATUS_FULL_TIME,,65878,open,grass_overlay,2026-06-13,21.0,25.2,24.0,42.0,CONCACAF,C,4.0,82.0,20.0,False,2654,5934.0,14161.0,['Haiti'],UEFA,C,3.0,44.0,200.0,False,580,8498.0,3380.0,['Scotland'],mustapha-ghorbal-dz,CAF,dz,ALG,10373.0,mustapha-ghorbal,https://footymetrics.com/referees/10373-mustapha-ghorbal,24714463.224676106,5972779.376450995
8,760421,400021463,151626,20.0,2026-06-14 04:00:00+00:00,2026-06-13 22:00:00-06:00,2026-06-14,00:00,group_d,group-stage,AUS,TUR,43976,43972,5-4-1,4-2-3-1,bcplace,400248370,BC Place,"BC Place, Vancouver",finished,2,0,52497,360305,VEN,Jesús Valenzuela Sáez,STATUS_FULL_TIME,,54500,retractable,grass_overlay,2026-06-13,21.0,22.5,21.0,46.0,AFC,D,3.0,24.0,90.0,False,628,6716.0,3433.0,['Australia'],UEFA,D,2.0,28.0,420.0,False,465,6595.0,3381.0,['Türkiye' 'Turkiye' 'turkiye' 'türkiye' 'turkey'],jesús-valenzuela-sáez-ve,CONMEBOL,ve,VEN,5419.0,jesus-valenzuela-saez,https://footymetrics.com/referees/5419-jesus-valenzuela-saez,22064408.397174224,6457215.2534949975
9,760422,400021464,151631,25.0,2026-06-14 17:00:00+00:00,2026-06-14 11:00:00-06:00,2026-06-14,13:00,group_e,group-stage,GER,CUW,43948,1895293,3-4-3,4-1-2-3,nrg,400249385,NRG Stadium,"NRG Stadium, Houston",finished,7,1,68021,416524,MAR,Jalal Jayed,STATUS_FULL_TIME,,72220,retractable,grass_overlay,2026-06-14,12.0,29.5,34.3,73.0,UEFA,E,1.0,9.0,1000.0,False,481,8570.0,3262.0,['Germany'],CONCACAF,E,4.0,88.0,15.0,False,11678,287981.0,32364.0,['Curaçao' 'Curacao'],jalal-jayed-ma,CAF,ma,MAR,1589830.0,jalal-jayed,https://footymetrics.com/referees/1589830-jalal-jayed,25533392.546123333,19709936.663650002
10,760425,400021470,151638,31.0,2026-06-14 20:00:00+00:00,2026-06-14 14:00:00-06:00,2026-06-14,16:00,group_f,group-stage,NED,JPN,43960,43819,4-1-2-3,3-4-3,att,400257526,AT&T Stadium,"AT&T Stadium, Arlington",finished,2,2,69285,392406,USA,Ismail Elfath,STATUS_FULL_TIME,,80000,retractable,grass_overlay,2026-06-14,15.0,28.6,31.9,70.0,UEFA,F,1.0,7.0,980.0,False,449,6708.0,3379.0,['Netherlands'],AFC,F,2.0,17.0,320.0,False,627,6715.0,3435.0,['Japan'],ismail-elfath-us,CONCACAF,us,USA,9910.0,ismail-elfath,https://footymetrics.com/referees/9910-ismail-elfath,28412937.439626627,9898124.081650995
11,760423,400021467,151632,26.0,2026-06-14 23:00:00+00:00,2026-06-14 17:00:00-06:00,2026-06-14,19:00,group_e,group-stage,CIV,ECU,43854,43927,4-4-2,4-4-2,lincoln,400248622,Lincoln Financial Field,"Lincoln Financial Field, Philadelphia",finished,1,0,68274,399029,FRA,François Letexier,STATUS_FULL_TIME,,69879,open,grass,2026-06-14,19.0,28.3,27.5,47.0,CAF,E,3.0,40.0,300.0,False,4789,6709.0,3591.0,"['Ivory Coast' 'cote d ivoire' ""côte d'ivoire"" 'ivory coast']",CONMEBOL,E,2.0,22.0,280.0,False,209,6707.0,5750.0,['Ecuador'],françois-letexier-fr,UEFA,fr,FRA,101.0,francois-letexier,https://footymetrics.com/referees/101-francois-letexier,16083533.820008995,5546403.2479439955
12,760424,400021474,151637,32.0,2026-06-15 02:00:00+00:00,2026-06-14 20:00:00-06:00,2026-06-14,22:00,group_f,group-stage,SWE,TUN,43970,43888,3-4-1-2,5-3-2,bbva,400238450,Estadio BBVA,"Estadio BBVA, Monterrey",finished,5,1,50987,434995,ARG,Yael Falcón Pérez,STATUS_FULL_TIME,,53500,open,grass,2026-06-14,20.0,25.5,30.1,85.0,UEFA,F,4.0,20.0,350.0,False,466,8520.0,3557.0,['Sweden'],CAF,F,3.0,49.0,70.0,False,659,6719.0,3670.0,['Tunisia'],yael-falcón-pérez-ar,CONMEBOL,ar,ARG,4811.0,yael-falcon-perez,https://footymetrics.com/referees/4811-yael-falcon-perez,21842942.19842572,5890841.641426
13,760428,400021482,151649,43.0,2026-06-15 16:00:00+00:00,2026-06-15 10:00:00-06:00,2026-06-15,12:00,group_h,group-stage,ESP,CPV,43969,43850,4-1-2-3,4-1-2-3,mercedes,400098290,Mercedes-Benz Stadium,"Mercedes-Benz Stadium, Atlanta",finished,0,0,67640,361034,JOR,Adham Mohammad Tumah Makhadmeh,STATUS_FULL_TIME,,71000,retractable,grass_overlay,2026-06-15,12.0,26.1,28.2,54.0,UEFA,H,1.0,3.0,1100.0,False,164,6720.0,3375.0,['Spain'],CAF,H,4.0,70.0,40.0,False,2597,5888.0,4311.0,['Cape Verde' 'cape verde' 'cape verde islands' 'cabo verde'],adham-mohammad-tumah-makhadmeh-jo,AFC,jo,JOR,33287.0,adham-mohammad-tumah-makhadmeh,https://footymetrics.com/referees/33287-adham-mohammad-tumah-makhadmeh,32517721.745509636,34970704.35188219
14,760426,400021478,151643,37.0,2026-06-15 19:00:00+00:00,2026-06-15 13:00:00-06:00,2026-06-15,15:00,group_g,group-stage,BEL,EGY,43935,43855,4-2-3-1,4-2-3-1,lumen,400216606,Lumen Field,"Lumen Field, Seattle",finished,1,1,66775,446932,BRA,Ramon ABATTI,STATUS_FULL_TIME,,68740,open,grass_overlay,2026-06-15,12.0,27.5,29.5,38.0,UEFA,G,1.0,8.0,720.0,False,459,8263.0,3382.0,['Belgium'],CAF,G,2.0,33.0,180.0,False,2620,10255.0,3672.0,['Egypt'],ramon-abatti-br,CONMEBOL,br,BRA,5671.0,ramon-abatti,https://footymetrics.com/referees/5671-ramon-abatti,35997260.1513378,10781214.951133974
15,760429,400021486,151650,44.0,2026-06-15 22:00:00+00:00,2026-06-15 16:00:00-06:00,2026-06-15,18:00,group_h,group-stage,KSA,URU,43835,43930,4-4-2,4-4-2,hardrock,400257525,Hard Rock Stadium,"Hard Rock Stadium, Miami Gardens",finished,1,1,62764,415965,ITA,Maurizio Mariani,STATUS_FULL_TIME,,65326,open,grass,2026-06-15,18.0,31.6,34.7,54.0,AFC,H,3.0,59.0,35.0,False,655,7795.0,3807.0,['Saudi Arabia' 'saudi arabia'],CONMEBOL,H,2.0,15.0,470.0,False,212,5796.0,3449.0,['Uruguay'],maurizio-mariani-it,UEFA,it,ITA,134.0,maurizio-mariani,https://footymetrics.com/referees/134-maurizio-mariani,25779673.353752725,11617682.787515987
16,760427,400021476,151644,38.0,2026-06-16 01:00:00+00:00,2026-06-15 19:00:00-06:00,2026-06-15,21:00,group_g,group-stage,IRN,NZL,43817,43978,4-3-3,4-4-2,sofi,400017978,SoFi Stadium,"SoFi Stadium, Inglewood",finished,2,2,70108,374810,MEX,César Arturo Ramos Palazuelos,STATUS_FULL_TIME,,70240,fixed,grass,2026-06-15,18.0,21.9,21.6,63.0,AFC,G,3.0,20.0,110.0,False,469,6711.0,3582.0,['Iran'],OFC,G,4.0,86.0,45.0,False,2666,5820.0,9171.0,['New Zealand'],césar-arturo-ramos-palazuelos-mx,CONCACAF,mx,MEX,5594.0,cesar-arturo-ramos-palazuelos,https://footymetrics.com/referees/5594-cesar-arturo-ramos-palazuelos,32750104.13143872,5914495.486315984
17,760432,400021490,151656,49.0,2026-06-16 19:00:00+00:00,2026-06-16 13:00:00-06:00,2026-06-16,15:00,group_i,group-stage,FRA,SEN,43946,43879,4-2-3-1,4-3-3,metlife,400257536,MetLife Stadium,"MetLife Stadium, East Rutherford",finished,3,1,80545,283448,AUS,Alireza FAGHANI,STATUS_FULL_TIME,,82500,open,grass_overlay,2026-06-16,15.0,24.5,25.3,34.0,UEFA,I,1.0,2.0,1180.0,False,478,6723.0,3377.0,['France'],CAF,I,2.0,18.0,320.0,False,654,6395.0,3499.0,['Senegal'],alireza-faghani-ir,AFC,ir,IRN,7867.0,alireza-faghani,https://footymetrics.com/referees/7867-alireza-faghani,28930750.003222667,16438530.222486984
18,760430,400021488,151655,50.0,2026-06-16 22:00:00+00:00,2026-06-16 16:00:00-06:00,2026-06-16,18:00,group_i,group-stage,IRQ,NOR,43818,43961,4-4-2,4-1-2-3,gillette,400248623,Gillette Stadium,"Gillette Stadium, Foxborough",finished,1,4,63106,408417,GAB,Pierre Ghislain Atcho,STATUS_FULL_TIME,,65878,open,grass_overlay,2026-06-16,18.0,23.3,21.6,37.0,AFC,I,4.0,57.0,30.0,False,4375,5819.0,3560.0,['Iraq'],UEFA,I,3.0,38.0,350.0,False,464,8492.0,3440.0,['Norway'],pierre-ghislain-atcho-ga,CAF,ga,GAB,1585826.0,pierre-ghislain-atcho,https://footymetrics.com/referees/1585826-pierre-ghislain-atcho,14558232.270338057,14492085.737214012
19,760433,400021496,151662,55.0,2026-06-17 01:00:00+00:00,2026-06-16 19:00:00-06:00,2026-06-16,21:00,group_j,group-stage,ARG,ALG,43922,43843,4-3-3,4-3-3,arrowhead,400254717,GEHA Field at Arrowhead Stadium,"Arrowhead Stadium, Kansas City",finished,3,0,69045,327975,POL,Szymon MARCINIAK,STATUS_FULL_TIME,,76416,open,grass,2026-06-16,20.0,24.9,26.3,58.0,CONMEBOL,J,1.0,1.0,620.0,False,202,6706.0,3437.0,['Argentina'],CAF,J,2.0,36.0,230.0,False,624,6317.0,3614.0,['Algeria'],szymon-marciniak-pl,UEFA,pl,POL,675.0,szymon-marciniak,https://footymetrics.com/referees/675-szymon-marciniak,24508769.30201134,14363044.332669992
20,760431,400021498,151661,56.0,2026-06-17 04:00:00+00:00,2026-06-16 22:00:00-06:00,2026-06-17,00:00,group_j,group-stage,AUT,JOR,43934,43820,4-2-3-1,3-4-3,levis,400257521,Levi's Stadium,"Levi's Stadium, Santa Clara",finished,3,1,68527,408591,MTN,Dahane BEIDA,STATUS_FULL_TIME,,68500,open,grass,2026-06-16,21.0,16.8,15.8,74.0,UEFA,J,3.0,25.0,310.0,False,474,8255.0,3383.0,['Austria'],AFC,J,4.0,64.0,30.0,False,2917,5816.0,15737.0,['Jordan'],dahane-beida-mr,CAF,mr,MTN,1587524.0,dahane-beida,https://footymetrics.com/referees/1587524-dahane-beida,12143095.787920954,10432747.782765988
21,760435,400021502,151668,61.0,2026-06-17 17:00:00+00:00,2026-06-17 11:00:00-06:00,2026-06-17,13:00,group_k,group-stage,POR,COD,43963,20014,4-2-3-1,5-3-2,nrg,400249385,NRG Stadium,"NRG Stadium, Houston",finished,1,1,68777,361083,QAT,Abdulrahman AL JASSIM,STATUS_FULL_TIME,,72220,retractable,grass_overlay,2026-06-17,12.0,28.5,33.2,79.0,UEFA,K,1.0,6.0,980.0,False,482,8361.0,3300.0,['Portugal'],CAF,K,3.0,52.0,120.0,False,2850,6321.0,3854.0,"['DR Congo' 'Congo DR' 'dr congo' 'congo dr'
 'democratic republic of congo' 'congo democratic republic']",abdulrahman-ibrahim-al-jassim-qa,AFC,qa,QAT,11321.0,abdulrahman-ibrahim-al-jassim,https://footymetrics.com/referees/11321-abdulrahman-ibrahim-al-jassim,23657186.03579322,18886217.40958811
22,760437,400021507,151673,67.0,2026-06-17 20:00:00+00:00,2026-06-17 14:00:00-06:00,2026-06-17,16:00,group_l,group-stage,ENG,CRO,43942,43938,4-2-3-1,3-4-3,att,400257526,AT&T Stadium,"AT&T Stadium, Arlington",finished,4,2,70389,314589,FRA,Clément Turpin,STATUS_FULL_TIME,,80000,retractable,grass_overlay,2026-06-17,15.0,32.5,35.2,52.0,UEFA,L,1.0,4.0,1300.0,False,448,8491.0,3299.0,['England'],UEFA,L,2.0,10.0,380.0,False,477,10155.0,3556.0,['Croatia'],clément-turpin-fr,UEFA,fr,FRA,64.0,clement-turpin,https://footymetrics.com/referees/64-clement-turpin,26438578.07181638,11829011.587167995
23,760434,400021510,151674,68.0,2026-06-17 23:00:00+00:00,2026-06-17 17:00:00-06:00,2026-06-17,19:00,group_l,group-stage,GHA,PAN,43860,43914,4-1-2-3,3-4-3,bmo,400242032,BMO Field,"BMO Field, Toronto",finished,1,0,42942,392336,SWE,Glenn Nyberg,STATUS_FULL_TIME,,45500,open,grass_overlay,2026-06-17,19.0,18.7,18.1,75.0,CAF,L,3.0,73.0,150.0,False,4469,6714.0,3441.0,['Ghana'],CONCACAF,L,4.0,41.0,35.0,False,2659,5922.0,3577.0,['Panama'],glenn-nyberg-se,UEFA,se,SWE,676.0,glenn-nyberg,https://footymetrics.com/referees/676-glenn-nyberg,20404007.38979727,7687564.213309997
24,760436,400021504,151667,62.0,2026-06-18 02:00:00+00:00,2026-06-17 20:00:00-06:00,2026-06-17,22:00,group_k,group-stage,UZB,COL,44005,43926,3-4-3,4-1-2-3,azteca,400222084,Estadio Banorte,"Estadio Azteca, Mexico City",finished,1,3,80824,360460,ENG,Anthony Taylor,STATUS_FULL_TIME,,87523,open,grass,2026-06-17,20.0,17.9,19.3,82.0,AFC,K,4.0,57.0,55.0,False,2570,8700.0,3563.0,['Uzbekistan'],CONMEBOL,K,2.0,13.0,400.0,False,208,8258.0,3816.0,['Colombia'],anthony-taylor-gb,UEFA,gb,ENG,158.0,anthony-taylor,https://footymetrics.com/referees/158-anthony-taylor,23171176.316426028,11342356.32169397
25,760438,400021440,151610,3.0,2026-06-18 16:00:00+00:00,2026-06-18 10:00:00-06:00,2026-06-18,12:00,group_a,group-stage,CZE,RSA,43995,43883,3-5-2,4-3-3,mercedes,400098290,Mercedes-Benz Stadium,"Mercedes-Benz Stadium, Atlanta",finished,1,1,67442,428431,USA,Tori Penso,STATUS_FULL_TIME,,71000,retractable,grass_overlay,2026-06-18,12.0,27.7,31.5,76.0,UEFA,A,3.0,42.0,220.0,False,450,8496.0,3445.0,['Czechia' 'Czech Republic' 'czechia' 'czech republic'],CAF,A,4.0,58.0,65.0,False,467,6316.0,3806.0,['South Africa' 'south africa'],tori-penso-us,CONCACAF,us,USA,5631.0,tori-penso,https://footymetrics.com/referees/5631-tori-penso,33327516.799985517,9174887.129635982
26,760439,400021446,151616,9.0,2026-06-18 19:00:00+00:00,2026-06-18 13:00:00-06:00,2026-06-18,15:00,group_b,group-stage,SUI,BIH,43971,44037,4-3-3,4-4-2,sofi,400017978,SoFi Stadium,"SoFi Stadium, Inglewood",finished,4,1,70026,392268,POR,João Pedro Silva Pinheiro,STATUS_FULL_TIME,,70240,fixed,grass,2026-06-18,12.0,21.4,21.3,60.0,UEFA,B,2.0,19.0,270.0,False,475,6717.0,3384.0,['Switzerland'],UEFA,B,3.0,55.0,130.0,False,452,10106.0,3446.0,"['Bosnia & Herzegovina' 'Bosnia-Herzegovina' 'Bosnia and Herzegovina'
 'bosnia herzegovina' 'bosnia and herzegovina' 'bosnia & herzegovina']",joão-pedro-silva-pinheiro-pt,UEFA,pt,POR,25.0,joao-pedro-silva-pinheiro,https://footymetrics.com/referees/25-joao-pedro-silva-pinheiro,0.0,9572688.374092992
27,760440,400021450,151615,10.0,2026-06-18 22:00:00+00:00,2026-06-18 16:00:00-06:00,2026-06-18,18:00,group_b,group-stage,CAN,QAT,43899,43834,4-4-2,4-3-3,bcplace,400248370,BC Place,"BC Place, Vancouver",finished,6,0,52497,416177,CHI,Cristián Marcelo Garay Reyes,STATUS_FULL_TIME,,54500,retractable,grass_overlay,2026-06-18,15.0,20.2,19.7,56.0,CONCACAF,B,1.0,31.0,230.0,True,206,5810.0,3510.0,['Canada'],AFC,B,4.0,35.0,60.0,False,4398,5902.0,14162.0,['Qatar'],,,,,,,,20462735.36266301,20336985.524423033
28,760441,400021442,151609,4.0,2026-06-19 01:00:00+00:00,2026-06-18 19:00:00-06:00,2026-06-18,21:00,group_a,group-stage,MEX,KOR,43911,43822,4-1-2-3,3-4-3,akron,400252150,Estadio Akron,"Estadio Akron, Zapopan",finished,1,0,45522,408669,URU,Gustavo Tejera,STATUS_FULL_TIME,,49850,open,grass,2026-06-18,19.0,20.9,22.0,80.0,CONCACAF,A,1.0,14.0,240.0,True,203,6710.0,6303.0,['Mexico'],AFC,A,2.0,23.0,250.0,False,451,7804.0,3589.0,"['South Korea' 'south korea' 'korea republic' 'republic of korea'
 'korea south']",gustavo-tejera-uy,CONMEBOL,uy,URU,5424.0,gustavo-tejera,https://footymetrics.com/referees/5424-gustavo-tejera,27812230.6357736,16365853.608529005
29,760442,400021462,151627,21.0,2026-06-19 19:00:00+00:00,2026-06-19 13:00:00-06:00,2026-06-19,15:00,group_d,group-stage,USA,AUS,43921,43976,3-5-2,5-4-1,lumen,400216606,Lumen Field,"Lumen Field, Seattle",finished,2,0,66925,348147,GER,Felix Zwayer,STATUS_FULL_TIME,,68740,open,grass_overlay,2026-06-19,12.0,23.1,23.0,45.0,CONCACAF,D,1.0,16.0,320.0,True,660,6713.0,3505.0,['United States' 'USA' 'united states' 'usa' 'united states of america'],AFC,D,3.0,24.0,90.0,False,628,6716.0,3433.0,['Australia'],felix-zwayer-de,UEFA,de,GER,678.0,felix-zwayer,https://footymetrics.com/referees/678-felix-zwayer,21916436.52003016,14477559.780255945
30,760445,400021454,151621,15.0,2026-06-19 22:00:00+00:00,2026-06-19 16:00:00-06:00,2026-06-19,18:00,group_c,group-stage,SCO,MAR,43967,43872,4-4-2,4-2-3-1,gillette,400248623,Gillette Stadium,"Gillette Stadium, Foxborough",finished,0,1,64146,360687,UZB,Ilgiz Tantashev,STATUS_FULL_TIME,,65878,open,grass_overlay,2026-06-19,18.0,24.2,21.8,45.0,UEFA,C,3.0,44.0,200.0,False,580,8498.0,3380.0,['Scotland'],CAF,C,2.0,12.0,360.0,False,2869,6262.0,3575.0,['Morocco'],ilgiz-tantashev-uz,AFC,uz,UZB,8634.0,ilgiz-tantashev,https://footymetrics.com/referees/8634-ilgiz-tantashev,21588116.501496114,9251895.304343991
31,760444,400021457,151622,16.0,2026-06-20 00:30:00+00:00,2026-06-19 18:30:00-06:00,2026-06-19,21:00,group_c,group-stage,BRA,HAI,43924,43908,4-3-3,5-4-1,lincoln,400248622,Lincoln Financial Field,"Lincoln Financial Field, Philadelphia",finished,3,0,68324,373845,ESP,Alejandro José Hernández Hernández,STATUS_FULL_TIME,,69879,open,grass,2026-06-19,20.0,26.7,23.9,31.0,CONMEBOL,C,1.0,5.0,1050.0,False,205,8256.0,3439.0,['Brazil'],CONCACAF,C,4.0,82.0,20.0,False,2654,5934.0,14161.0,['Haiti'],alejandro-josé-hernández-hernández-es,UEFA,es,ESP,127.0,alejandro-jose-hernandez-hernandez,https://footymetrics.com/referees/127-alejandro-jose-hernandez-hernandez,15224102.348375946,22997674.60813101
32,760443,400021460,151628,22.0,2026-06-20 03:00:00+00:00,2026-06-19 21:00:00-06:00,2026-06-19,00:00,group_d,group-stage,TUR,PAR,43972,43928,4-2-3-1,4-2-3-1,levis,400257521,Levi's Stadium,"Levi's Stadium, Santa Clara",finished,0,1,68827,408378,SLV,Ivan Arcides Barton Cisneros,STATUS_FULL_TIME,,68500,open,grass,2026-06-19,20.0,20.5,19.3,58.0,UEFA,D,2.0,28.0,420.0,False,465,6595.0,3381.0,['Türkiye' 'Turkiye' 'turkiye' 'türkiye' 'turkey'],CONMEBOL,D,4.0,56.0,90.0,False,210,6724.0,3581.0,['Paraguay'],,,,,,,,32637786.58468945,7396051.298193994
33,760447,400021472,151640,33.0,2026-06-20 17:00:00+00:00,2026-06-20 11:00:00-06:00,2026-06-20,13:00,group_f,group-stage,NED,SWE,43960,43970,4-3-3,3-5-2,nrg,400249385,NRG Stadium,"NRG Stadium, Houston",finished,5,1,68777,347710,ENG,Michael Oliver,STATUS_FULL_TIME,,72220,retractable,grass_overlay,2026-06-20,12.0,27.7,32.6,82.0,UEFA,F,1.0,7.0,980.0,False,449,6708.0,3379.0,['Netherlands'],UEFA,F,4.0,20.0,350.0,False,466,8520.0,3557.0,['Sweden'],michael-oliver-gb,UEFA,gb,ENG,13.0,michael-oliver,https://footymetrics.com/referees/13-michael-oliver,22367686.54266512,14413787.354683002
34,760448,400021469,151634,27.0,2026-06-20 20:00:00+00:00,2026-06-20 14:00:00-06:00,2026-06-20,16:00,group_e,group-stage,GER,CIV,43948,43854,4-2-3-1,4-1-2-3,bmo,400242032,BMO Field,"BMO Field, Toronto",finished,2,1,43036,416159,PAR,Juan Gabriel Benítez,STATUS_FULL_TIME,,45500,open,grass_overlay,2026-06-20,16.0,23.0,22.3,38.0,UEFA,E,1.0,9.0,1000.0,False,481,8570.0,3262.0,['Germany'],CAF,E,3.0,40.0,300.0,False,4789,6709.0,3591.0,"['Ivory Coast' 'cote d ivoire' ""côte d'ivoire"" 'ivory coast']",juan-gabriel-benítez-py,CONMEBOL,py,PAR,5400.0,juan-gabriel-benitez,https://footymetrics.com/referees/5400-juan-gabriel-benitez,42519372.43554526,13795938.961766997
35,760446,400021465,151633,28.0,2026-06-21 00:00:00+00:00,2026-06-20 18:00:00-06:00,2026-06-20,20:00,group_e,group-stage,ECU,CUW,43927,1895293,3-5-2,5-3-2,arrowhead,400254717,GEHA Field at Arrowhead Stadium,"Arrowhead Stadium, Kansas City",finished,0,0,68598,328495,CHN,Ning Ma,STATUS_FULL_TIME,,76416,open,grass,2026-06-20,19.0,26.5,27.9,61.0,CONMEBOL,E,2.0,22.0,280.0,False,209,6707.0,5750.0,['Ecuador'],CONCACAF,E,4.0,88.0,15.0,False,11678,287981.0,32364.0,['Curaçao' 'Curacao'],ning-ma-cn,AFC,cn,CHN,33368.0,ning-ma,https://footymetrics.com/referees/33368-ning-ma,18216287.616692066,11206406.621713007
36,760449,400021475,151639,34.0,2026-06-21 04:00:00+00:00,2026-06-20 22:00:00-06:00,2026-06-21,00:00,group_f,group-stage,TUN,JPN,43888,43819,5-3-2,3-4-3,bbva,400238450,Estadio BBVA,"Estadio BBVA, Monterrey",finished,0,4,51243,314605,ROU,Istvan Kovacs,STATUS_FULL_TIME,,53500,open,grass,2026-06-20,22.0,23.3,28.0,96.0,CAF,F,3.0,49.0,70.0,False,659,6719.0,3670.0,['Tunisia'],AFC,F,2.0,17.0,320.0,False,627,6715.0,3435.0,['Japan'],istvan-kovacs-ro,UEFA,ro,ROU,682.0,istvan-kovacs,https://footymetrics.com/referees/682-istvan-kovacs,22166891.279387165,16068295.886170972
37,760453,400021483,151651,45.0,2026-06-21 16:00:00+00:00,2026-06-21 10:00:00-06:00,2026-06-21,12:00,group_h,group-stage,ESP,KSA,43969,43835,4-1-2-3,5-4-1,mercedes,400098290,Mercedes-Benz Stadium,"Mercedes-Benz Stadium, Atlanta",finished,4,0,68239,383222,BRA,Raphael Claus,STATUS_FULL_TIME,,71000,retractable,grass_overlay,2026-06-21,12.0,26.8,30.3,66.0,UEFA,H,1.0,3.0,1100.0,False,164,6720.0,3375.0,['Spain'],AFC,H,3.0,59.0,35.0,False,655,7795.0,3807.0,['Saudi Arabia' 'saudi arabia'],raphael-claus-br,CONMEBOL,br,BRA,4836.0,raphael-claus,https://footymetrics.com/referees/4836-raphael-claus,14380119.569741039,23567265.947540928
38,760451,400021477,151646,39.0,2026-06-21 19:00:00+00:00,2026-06-21 13:00:00-06:00,2026-06-21,15:00,group_g,group-stage,BEL,IRN,43935,43817,4-2-3-1,5-2-3,sofi,400017978,SoFi Stadium,"SoFi Stadium, Inglewood",finished,0,0,70317,383174,ARG,Darío Herrera,STATUS_FULL_TIME,,70240,fixed,grass,2026-06-21,12.0,22.5,23.6,56.0,UEFA,G,1.0,8.0,720.0,False,459,8263.0,3382.0,['Belgium'],AFC,G,3.0,20.0,110.0,False,469,6711.0,3582.0,['Iran'],darío-herrera-ar,CONMEBOL,ar,ARG,4810.0,dario-herrera,https://footymetrics.com/referees/4810-dario-herrera,27016664.38964104,21213045.888119012
39,760450,400021487,151652,46.0,2026-06-21 22:00:00+00:00,2026-06-21 16:00:00-06:00,2026-06-21,18:00,group_h,group-stage,URU,CPV,43930,43850,4-1-2-3,4-1-2-3,hardrock,400257525,Hard Rock Stadium,"Hard Rock Stadium, Miami Gardens",finished,2,2,64003,400227,NOR,Espen Eskås,STATUS_FULL_TIME,,65326,open,grass,2026-06-21,18.0,31.4,35.3,58.0,CONMEBOL,H,2.0,15.0,470.0,False,212,5796.0,3449.0,['Uruguay'],CAF,H,4.0,70.0,40.0,False,2597,5888.0,4311.0,['Cape Verde' 'cape verde' 'cape verde islands' 'cabo verde'],espen-eskås-no,UEFA,no,NOR,140.0,espen-eskas,https://footymetrics.com/referees/140-espen-eskas,23415028.615583166,15784914.736105973
40,760452,400021480,151645,40.0,2026-06-22 01:00:00+00:00,2026-06-21 19:00:00-06:00,2026-06-21,21:00,group_g,group-stage,NZL,EGY,43978,43855,4-4-2,4-2-3-1,bcplace,400248370,BC Place,"BC Place, Vancouver",finished,1,3,52497,383421,UAE,Omar Mohamed Al Ali,STATUS_FULL_TIME,,54500,retractable,grass_overlay,2026-06-21,18.0,22.0,20.2,41.0,OFC,G,4.0,86.0,45.0,False,2666,5820.0,9171.0,['New Zealand'],CAF,G,2.0,33.0,180.0,False,2620,10255.0,3672.0,['Egypt'],omar-mohamed-al-ali-ae,AFC,ae,UAE,33350.0,omar-mohamed-al-ali,https://footymetrics.com/referees/33350-omar-mohamed-al-ali,25520309.2234752,15890165.849153988
41,760456,400021494,151664,57.0,2026-06-22 17:00:00+00:00,2026-06-22 11:00:00-06:00,2026-06-22,13:00,group_j,group-stage,ARG,AUT,43922,43934,,,att,400257526,AT&T Stadium,"AT&T Stadium, Arlington",scheduled,0,0,,392013,EGY,Amin Mohamed Omar,STATUS_SCHEDULED,,80000,retractable,grass_overlay,2026-06-22,12.0,29.6,35.9,78.0,CONMEBOL,J,1.0,1.0,620.0,False,202,6706.0,3437.0,['Argentina'],UEFA,J,3.0,25.0,310.0,False,474,8255.0,3383.0,['Austria'],amin-mohamed-omar-eg,CAF,eg,EGY,33272.0,amin-mohamed-omar,https://footymetrics.com/referees/33272-amin-mohamed-omar,2785136.8351990315,1094123.1466919996
42,760457,400021492,151657,51.0,2026-06-22 21:00:00+00:00,2026-06-22 15:00:00-06:00,2026-06-22,17:00,group_i,group-stage,FRA,IRQ,43946,43818,,,lincoln,400248622,Lincoln Financial Field,"Lincoln Financial Field, Philadelphia",scheduled,0,0,,372930,CAN,Drew Fischer,STATUS_SCHEDULED,,69879,open,grass,2026-06-22,17.0,32.0,31.6,42.0,UEFA,I,1.0,2.0,1180.0,False,478,6723.0,3377.0,['France'],AFC,I,4.0,57.0,30.0,False,4375,5819.0,3560.0,['Iraq'],drew-fischer-ca,CONCACAF,ca,CAN,6349.0,drew-fischer,https://footymetrics.com/referees/6349-drew-fischer,1239798.7105449939,1078501.9855789992
43,760454,400021491,151658,52.0,2026-06-23 00:00:00+00:00,2026-06-22 18:00:00-06:00,2026-06-22,20:00,group_i,group-stage,NOR,SEN,43961,43879,,,metlife,400257536,MetLife Stadium,"MetLife Stadium, East Rutherford",scheduled,0,0,,361561,BRA,Wilton SAMPAIO,STATUS_SCHEDULED,,82500,open,grass_overlay,2026-06-22,20.0,21.1,23.5,92.0,UEFA,I,3.0,38.0,350.0,False,464,8492.0,3440.0,['Norway'],CAF,I,2.0,18.0,320.0,False,654,6395.0,3499.0,['Senegal'],wilton-pereira-sampaio-br,CONMEBOL,br,BRA,5137.0,wilton-pereira-sampaio,https://footymetrics.com/referees/5137-wilton-pereira-sampaio,1401686.082984997,300254.6254490001
44,760455,400021499,151663,58.0,2026-06-23 03:00:00+00:00,2026-06-22 21:00:00-06:00,2026-06-22,23:00,group_j,group-stage,JOR,ALG,43820,43843,,,levis,400257521,Levi's Stadium,"Levi's Stadium, Santa Clara",scheduled,0,0,,315008,SVN,Slavko VINCIC,STATUS_SCHEDULED,,68500,open,grass,2026-06-22,20.0,16.6,15.3,78.0,AFC,J,4.0,64.0,30.0,False,2917,5816.0,15737.0,['Jordan'],CAF,J,2.0,36.0,230.0,False,624,6317.0,3614.0,['Algeria'],slavko-vinčić-si,UEFA,si,SVN,681.0,slavko-vincic,https://footymetrics.com/referees/681-slavko-vincic,361766.48057300143,116370.81719399997
45,760461,400021503,151670,63.0,2026-06-23 17:00:00+00:00,2026-06-23 11:00:00-06:00,2026-06-23,13:00,group_k,group-stage,POR,UZB,43963,44005,,,nrg,400249385,NRG Stadium,"NRG Stadium, Houston",scheduled,0,0,,416524,MAR,Jalal Jayed,STATUS_SCHEDULED,,72220,retractable,grass_overlay,2026-06-23,12.0,32.6,37.5,53.0,UEFA,K,1.0,6.0,980.0,False,482,8361.0,3300.0,['Portugal'],AFC,K,4.0,57.0,55.0,False,2570,8700.0,3563.0,['Uzbekistan'],jalal-jayed-ma,CAF,ma,MAR,1589830.0,jalal-jayed,https://footymetrics.com/referees/1589830-jalal-jayed,281502.6052920002,636475.9611389999
46,760458,400021506,151676,69.0,2026-06-23 20:00:00+00:00,2026-06-23 14:00:00-06:00,2026-06-23,16:00,group_l,group-stage,ENG,GHA,43942,43860,,,gillette,400248623,Gillette Stadium,"Gillette Stadium, Foxborough",scheduled,0,0,,400191,HON,Said MARTINEZ,STATUS_SCHEDULED,,65878,open,grass_overlay,2026-06-23,16.0,17.6,18.2,94.0,UEFA,L,1.0,4.0,1300.0,False,448,8491.0,3299.0,['England'],CAF,L,3.0,73.0,150.0,False,4469,6714.0,3441.0,['Ghana'],said-martinez-xx,,,,4634531.0,said-martinez,https://footymetrics.com/referees/4634531-said-martinez,673504.045242005,143501.495876
47,760460,400021511,151675,70.0,2026-06-23 23:00:00+00:00,2026-06-23 17:00:00-06:00,2026-06-23,19:00,group_l,group-stage,PAN,CRO,43914,43938,,,bmo,400242032,BMO Field,"BMO Field, Toronto",scheduled,0,0,,408417,GAB,Pierre Ghislain Atcho,STATUS_SCHEDULED,,45500,open,grass_overlay,2026-06-23,19.0,20.8,20.3,62.0,CONCACAF,L,4.0,41.0,35.0,False,2659,5922.0,3577.0,['Panama'],UEFA,L,2.0,10.0,380.0,False,477,10155.0,3556.0,['Croatia'],pierre-ghislain-atcho-ga,CAF,ga,GAB,1585826.0,pierre-ghislain-atcho,https://footymetrics.com/referees/1585826-pierre-ghislain-atcho,157621.17953300034,34724.398502000004
48,760459,400021501,151669,64.0,2026-06-24 02:00:00+00:00,2026-06-23 20:00:00-06:00,2026-06-23,22:00,group_k,group-stage,COL,COD,43926,20014,,,akron,400252150,Estadio Akron,"Estadio Akron, Zapopan",scheduled,0,0,,415965,ITA,Maurizio Mariani,STATUS_SCHEDULED,,49850,open,grass,2026-06-23,20.0,18.9,20.8,90.0,CONMEBOL,K,2.0,13.0,400.0,False,208,8258.0,3816.0,['Colombia'],CAF,K,3.0,52.0,120.0,False,2850,6321.0,3854.0,"['DR Congo' 'Congo DR' 'dr congo' 'congo dr'
 'democratic republic of congo' 'congo democratic republic']",maurizio-mariani-it,UEFA,it,ITA,134.0,maurizio-mariani,https://footymetrics.com/referees/134-maurizio-mariani,107485.83463000008,40575.581241
49,760462,400021448,151618,12.0,2026-06-24 19:00:00+00:00,2026-06-24 13:00:00-06:00,2026-06-24,15:00,group_b,group-stage,BIH,QAT,44037,43834,,,lumen,400216606,Lumen Field,"Lumen Field, Seattle",scheduled,0,0,,360305,VEN,Jesús Valenzuela Sáez,STATUS_SCHEDULED,,68740,open,grass_overlay,2026-06-24,12.0,23.6,23.3,42.0,UEFA,B,3.0,55.0,130.0,False,452,10106.0,3446.0,"['Bosnia & Herzegovina' 'Bosnia-Herzegovina' 'Bosnia and Herzegovina'
 'bosnia herzegovina' 'bosnia and herzegovina' 'bosnia & herzegovina']",AFC,B,4.0,35.0,60.0,False,4398,5902.0,14162.0,['Qatar'],jesús-valenzuela-sáez-ve,CONMEBOL,ve,VEN,5419.0,jesus-valenzuela-saez,https://footymetrics.com/referees/5419-jesus-valenzuela-saez,118286.12689700017,85429.48386000007
50,760463,400021451,151617,11.0,2026-06-24 19:00:00+00:00,2026-06-24 13:00:00-06:00,2026-06-24,15:00,group_b,group-stage,SUI,CAN,43971,43899,,,bcplace,400248370,BC Place,"BC Place, Vancouver",scheduled,0,0,,446932,BRA,Ramon ABATTI,STATUS_SCHEDULED,,54500,retractable,grass_overlay,2026-06-24,12.0,20.5,19.2,54.0,UEFA,B,2.0,19.0,270.0,False,475,6717.0,3384.0,['Switzerland'],CONCACAF,B,1.0,31.0,230.0,True,206,5810.0,3510.0,['Canada'],ramon-abatti-br,CONMEBOL,br,BRA,5671.0,ramon-abatti,https://footymetrics.com/referees/5671-ramon-abatti,135688.16337099994,35664.569198
51,760465,400021455,151624,18.0,2026-06-24 22:00:00+00:00,2026-06-24 16:00:00-06:00,2026-06-24,18:00,group_c,group-stage,SCO,BRA,43967,43924,,,hardrock,400257525,Hard Rock Stadium,"Hard Rock Stadium, Miami Gardens",scheduled,0,0,,374810,MEX,César Arturo Ramos Palazuelos,STATUS_SCHEDULED,,65326,open,grass,2026-06-24,18.0,32.7,34.2,51.0,UEFA,C,3.0,44.0,200.0,False,580,8498.0,3380.0,['Scotland'],CONMEBOL,C,1.0,5.0,1050.0,False,205,8256.0,3439.0,['Brazil'],césar-arturo-ramos-palazuelos-mx,CONCACAF,mx,MEX,5594.0,cesar-arturo-ramos-palazuelos,https://footymetrics.com/referees/5594-cesar-arturo-ramos-palazuelos,269381.8586039994,50856.387061
52,760464,400021452,151623,17.0,2026-06-24 22:00:00+00:00,2026-06-24 16:00:00-06:00,2026-06-24,18:00,group_c,group-stage,MAR,HAI,43872,43908,,,mercedes,400098290,Mercedes-Benz Stadium,"Mercedes-Benz Stadium, Atlanta",scheduled,0,0,,327159,NED,Danny Desmond Makkelie,STATUS_SCHEDULED,,71000,retractable,grass_overlay,2026-06-24,18.0,32.6,31.5,27.0,CAF,C,2.0,12.0,360.0,False,2869,6262.0,3575.0,['Morocco'],CONCACAF,C,4.0,82.0,20.0,False,2654,5934.0,14161.0,['Haiti'],danny-desmond-makkelie-cw,UEFA,cw,CUW,59.0,danny-desmond-makkelie,https://footymetrics.com/referees/59-danny-desmond-makkelie,181207.51824700017,66561.51329100002
53,760467,400021444,151611,5.0,2026-06-25 01:00:00+00:00,2026-06-24 19:00:00-06:00,2026-06-24,21:00,group_a,group-stage,CZE,MEX,43995,43911,,,azteca,400222084,Estadio Banorte,"Estadio Azteca, Mexico City",scheduled,0,0,,434995,ARG,Yael Falcón Pérez,STATUS_SCHEDULED,,87523,open,grass,2026-06-24,19.0,17.0,17.5,78.0,UEFA,A,3.0,42.0,220.0,False,450,8496.0,3445.0,['Czechia' 'Czech Republic' 'czechia' 'czech republic'],CONCACAF,A,1.0,14.0,240.0,True,203,6710.0,6303.0,['Mexico'],yael-falcón-pérez-ar,CONMEBOL,ar,ARG,4811.0,yael-falcon-perez,https://footymetrics.com/referees/4811-yael-falcon-perez,617606.9228149992,70724.72941500001
54,760466,400021445,151612,6.0,2026-06-25 01:00:00+00:00,2026-06-24 19:00:00-06:00,2026-06-24,21:00,group_a,group-stage,RSA,KOR,43883,43822,,,bbva,400238450,Estadio BBVA,"Estadio BBVA, Monterrey",scheduled,0,0,,416165,ARG,Facundo TELLO,STATUS_SCHEDULED,,53500,open,grass,2026-06-24,19.0,31.6,30.4,39.0,CAF,A,4.0,58.0,65.0,False,467,6316.0,3806.0,['South Africa' 'south africa'],AFC,A,2.0,23.0,250.0,False,451,7804.0,3589.0,"['South Korea' 'south korea' 'korea republic' 'republic of korea'
 'korea south']",,,,,,,,266799.3043730005,44697.380005
55,760468,400021466,151636,30.0,2026-06-25 20:00:00+00:00,2026-06-25 14:00:00-06:00,2026-06-25,16:00,group_e,group-stage,ECU,GER,43927,43948,,,metlife,400257536,MetLife Stadium,"MetLife Stadium, East Rutherford",scheduled,0,0,,,,,STATUS_SCHEDULED,,82500,open,grass_overlay,2026-06-25,16.0,28.2,27.5,39.0,CONMEBOL,E,2.0,22.0,280.0,False,209,6707.0,5750.0,['Ecuador'],UEFA,E,1.0,9.0,1000.0,False,481,8570.0,3262.0,['Germany'],,,,,,,,719681.6245689975,66165.39288400002
56,760473,400021468,151635,29.0,2026-06-25 20:00:00+00:00,2026-06-25 14:00:00-06:00,2026-06-25,16:00,group_e,group-stage,CUW,CIV,1895293,43854,,,lincoln,400248622,Lincoln Financial Field,"Lincoln Financial Field, Philadelphia",scheduled,0,0,,,,,STATUS_SCHEDULED,,69879,open,grass,2026-06-25,16.0,30.2,30.3,39.0,CONCACAF,E,4.0,88.0,15.0,False,11678,287981.0,32364.0,['Curaçao' 'Curacao'],CAF,E,3.0,40.0,300.0,False,4789,6709.0,3591.0,"['Ivory Coast' 'cote d ivoire' ""côte d'ivoire"" 'ivory coast']",,,,,,,,276917.98076499946,34717.823153000005
57,760472,400021473,151642,36.0,2026-06-25 23:00:00+00:00,2026-06-25 17:00:00-06:00,2026-06-25,19:00,group_f,group-stage,TUN,NED,43888,43960,,,arrowhead,400254717,GEHA Field at Arrowhead Stadium,"Arrowhead Stadium, Kansas City",scheduled,0,0,,,,,STATUS_SCHEDULED,,76416,open,grass,2026-06-25,18.0,22.5,24.4,93.0,CAF,F,3.0,49.0,70.0,False,659,6719.0,3670.0,['Tunisia'],UEFA,F,1.0,7.0,980.0,False,449,6708.0,3379.0,['Netherlands'],,,,,,,,225183.27984899931,85041.26002000005
58,760471,400021471,151641,35.0,2026-06-25 23:00:00+00:00,2026-06-25 17:00:00-06:00,2026-06-25,19:00,group_f,group-stage,JPN,SWE,43819,43970,,,att,400257526,AT&T Stadium,"AT&T Stadium, Arlington",scheduled,0,0,,,,,STATUS_SCHEDULED,,80000,retractable,grass_overlay,2026-06-25,18.0,35.8,34.1,33.0,AFC,F,2.0,17.0,320.0,False,627,6715.0,3435.0,['Japan'],UEFA,F,4.0,20.0,350.0,False,466,8520.0,3557.0,['Sweden'],,,,,,,,340549.14551799954,59163.839655
59,760470,400021459,151630,23.0,2026-06-26 02:00:00+00:00,2026-06-25 20:00:00-06:00,2026-06-25,22:00,group_d,group-stage,TUR,USA,43972,43921,,,sofi,400017978,SoFi Stadium,"SoFi Stadium, Inglewood",scheduled,0,0,,,,,STATUS_SCHEDULED,,70240,fixed,grass,2026-06-25,19.0,20.5,19.4,63.0,UEFA,D,2.0,28.0,420.0,False,465,6595.0,3381.0,['Türkiye' 'Turkiye' 'turkiye' 'türkiye' 'turkey'],CONCACAF,D,1.0,16.0,320.0,True,660,6713.0,3505.0,['United States' 'USA' 'united states' 'usa' 'united states of america'],,,,,,,,1157697.062034015,72283.773486
60,760469,400021461,151629,24.0,2026-06-26 02:00:00+00:00,2026-06-25 20:00:00-06:00,2026-06-25,22:00,group_d,group-stage,PAR,AUS,43928,43976,,,levis,400257521,Levi's Stadium,"Levi's Stadium, Santa Clara",scheduled,0,0,,,,,STATUS_SCHEDULED,,68500,open,grass,2026-06-25,19.0,23.4,20.8,40.0,CONMEBOL,D,4.0,56.0,90.0,False,210,6724.0,3581.0,['Paraguay'],AFC,D,3.0,24.0,90.0,False,628,6716.0,3433.0,['Australia'],,,,,,,,340398.8030409998,84482.860021
61,760474,400021493,151659,54.0,2026-06-26 19:00:00+00:00,2026-06-26 13:00:00-06:00,2026-06-26,15:00,group_i,group-stage,SEN,IRQ,43879,43818,,,bmo,400242032,BMO Field,"BMO Field, Toronto",scheduled,0,0,,,,,STATUS_SCHEDULED,,45500,open,grass_overlay,2026-06-26,15.0,24.1,24.4,48.0,CAF,I,2.0,18.0,320.0,False,654,6395.0,3499.0,['Senegal'],AFC,I,4.0,57.0,30.0,False,4375,5819.0,3560.0,['Iraq'],,,,,,,,47454.04787300006,31704.41905100002
62,760475,400021489,151660,53.0,2026-06-26 19:00:00+00:00,2026-06-26 13:00:00-06:00,2026-06-26,15:00,group_i,group-stage,NOR,FRA,43961,43946,,,gillette,400248623,Gillette Stadium,"Gillette Stadium, Foxborough",scheduled,0,0,,,,,STATUS_SCHEDULED,,65878,open,grass_overlay,2026-06-26,15.0,22.1,23.3,83.0,UEFA,I,3.0,38.0,350.0,False,464,8492.0,3440.0,['Norway'],UEFA,I,1.0,2.0,1180.0,False,478,6723.0,3377.0,['France'],,,,,,,,146159.4835660002,70926.70597499999
63,760479,400021484,151653,48.0,2026-06-27 00:00:00+00:00,2026-06-26 18:00:00-06:00,2026-06-26,20:00,group_h,group-stage,URU,ESP,43930,43969,,,akron,400252150,Estadio Akron,"Estadio Akron, Zapopan",scheduled,0,0,,,,,STATUS_SCHEDULED,,49850,open,grass,2026-06-26,18.0,19.9,21.6,84.0,CONMEBOL,H,2.0,15.0,470.0,False,212,5796.0,3449.0,['Uruguay'],UEFA,H,1.0,3.0,1100.0,False,164,6720.0,3375.0,['Spain'],,,,,,,,115547.77085699991,37633.53710500005
64,760478,400021485,151654,47.0,2026-06-27 00:00:00+00:00,2026-06-26 18:00:00-06:00,2026-06-26,20:00,group_h,group-stage,CPV,KSA,43850,43835,,,nrg,400249385,NRG Stadium,"NRG Stadium, Houston",scheduled,0,0,,,,,STATUS_SCHEDULED,,72220,retractable,grass_overlay,2026-06-26,19.0,30.7,32.2,57.0,CAF,H,4.0,70.0,40.0,False,2597,5888.0,4311.0,['Cape Verde' 'cape verde' 'cape verde islands' 'cabo verde'],AFC,H,3.0,59.0,35.0,False,655,7795.0,3807.0,['Saudi Arabia' 'saudi arabia'],,,,,,,,373065.8750819982,40355.537752000004
65,760477,400021481,151647,42.0,2026-06-27 03:00:00+00:00,2026-06-26 21:00:00-06:00,2026-06-26,23:00,group_g,group-stage,NZL,BEL,43978,43935,,,bcplace,400248370,BC Place,"BC Place, Vancouver",scheduled,0,0,,,,,STATUS_SCHEDULED,,54500,retractable,grass_overlay,2026-06-26,20.0,14.8,14.4,90.0,OFC,G,4.0,86.0,45.0,False,2666,5820.0,9171.0,['New Zealand'],UEFA,G,1.0,8.0,720.0,False,459,8263.0,3382.0,['Belgium'],,,,,,,,116527.87895099996,34883.074549
66,760476,400021479,151648,41.0,2026-06-27 03:00:00+00:00,2026-06-26 21:00:00-06:00,2026-06-26,23:00,group_g,group-stage,EGY,IRN,43855,43817,,,lumen,400216606,Lumen Field,"Lumen Field, Seattle",scheduled,0,0,,,,,STATUS_SCHEDULED,,68740,open,grass_overlay,2026-06-26,20.0,12.9,12.0,94.0,CAF,G,2.0,33.0,180.0,False,2620,10255.0,3672.0,['Egypt'],AFC,G,3.0,20.0,110.0,False,469,6711.0,3582.0,['Iran'],,,,,,,,136134.32235899998,17222.741421
67,760480,400021509,151677,72.0,2026-06-27 21:00:00+00:00,2026-06-27 15:00:00-06:00,2026-06-27,17:00,group_l,group-stage,CRO,GHA,43938,43860,,,lincoln,400248622,Lincoln Financial Field,"Lincoln Financial Field, Philadelphia",scheduled,0,0,,,,,STATUS_SCHEDULED,,69879,open,grass,2026-06-27,17.0,24.7,29.2,86.0,UEFA,L,2.0,10.0,380.0,False,477,10155.0,3556.0,['Croatia'],CAF,L,3.0,73.0,150.0,False,4469,6714.0,3441.0,['Ghana'],,,,,,,,89365.36366699988,18778.534863
68,760485,400021508,151678,71.0,2026-06-27 21:00:00+00:00,2026-06-27 15:00:00-06:00,2026-06-27,17:00,group_l,group-stage,PAN,ENG,43914,43942,,,metlife,400257536,MetLife Stadium,"MetLife Stadium, East Rutherford",scheduled,0,0,,,,,STATUS_SCHEDULED,,82500,open,grass_overlay,2026-06-27,17.0,24.0,26.1,70.0,CONCACAF,L,4.0,41.0,35.0,False,2659,5922.0,3577.0,['Panama'],UEFA,L,1.0,4.0,1300.0,False,448,8491.0,3299.0,['England'],,,,,,,,122226.75415800003,23820.913473
69,760481,400021505,151672,65.0,2026-06-27 23:30:00+00:00,2026-06-27 17:30:00-06:00,2026-06-27,19:30,group_k,group-stage,COL,POR,43926,43963,,,hardrock,400257525,Hard Rock Stadium,"Hard Rock Stadium, Miami Gardens",scheduled,0,0,,,,,STATUS_SCHEDULED,,65326,open,grass,2026-06-27,19.0,31.0,32.8,58.0,CONMEBOL,K,2.0,13.0,400.0,False,208,8258.0,3816.0,['Colombia'],UEFA,K,1.0,6.0,980.0,False,482,8361.0,3300.0,['Portugal'],,,,,,,,171719.6800179992,18902.974587
70,760482,400021500,151671,66.0,2026-06-27 23:30:00+00:00,2026-06-27 17:30:00-06:00,2026-06-27,19:30,group_k,group-stage,COD,UZB,20014,44005,,,mercedes,400098290,Mercedes-Benz Stadium,"Mercedes-Benz Stadium, Atlanta",scheduled,0,0,,,,,STATUS_SCHEDULED,,71000,retractable,grass_overlay,2026-06-27,19.0,33.7,33.6,35.0,CAF,K,3.0,52.0,120.0,False,2850,6321.0,3854.0,"['DR Congo' 'Congo DR' 'dr congo' 'congo dr'
 'democratic republic of congo' 'congo democratic republic']",AFC,K,4.0,57.0,55.0,False,2570,8700.0,3563.0,['Uzbekistan'],,,,,,,,45413.00041600004,11803.710399000003
71,760484,400021497,151666,59.0,2026-06-28 02:00:00+00:00,2026-06-27 20:00:00-06:00,2026-06-27,22:00,group_j,group-stage,ALG,AUT,43843,43934,,,arrowhead,400254717,GEHA Field at Arrowhead Stadium,"Arrowhead Stadium, Kansas City",scheduled,0,0,,,,,STATUS_SCHEDULED,,76416,open,grass,2026-06-27,21.0,26.3,27.4,77.0,CAF,J,2.0,36.0,230.0,False,624,6317.0,3614.0,['Algeria'],UEFA,J,3.0,25.0,310.0,False,474,8255.0,3383.0,['Austria'],,,,,,,,80921.13295999999,11015.843891
72,760483,400021495,151665,60.0,2026-06-28 02:00:00+00:00,2026-06-27 20:00:00-06:00,2026-06-27,22:00,group_j,group-stage,JOR,ARG,43820,43922,,,att,400257526,AT&T Stadium,"AT&T Stadium, Arlington",scheduled,0,0,,,,,STATUS_SCHEDULED,,80000,retractable,grass_overlay,2026-06-27,21.0,32.2,31.9,49.0,AFC,J,4.0,64.0,30.0,False,2917,5816.0,15737.0,['Jordan'],CONMEBOL,J,1.0,1.0,620.0,False,202,6706.0,3437.0,['Argentina'],,,,,,,,67863.376456,9474.634917000001
73,760486,,,,2026-06-28 19:00:00+00:00,2026-06-28 13:00:00-06:00,2026-06-28,,r32,round-of-32,,,,,,,sofi,,SoFi Stadium,,scheduled,0,0,,,,,STATUS_SCHEDULED,,70240,fixed,grass,2026-06-28,12.0,21.8,21.4,52.0,,,,,,,,,,,,,,,,,,,,,,,,,,,,,
74,760487,,,,2026-06-29 17:00:00+00:00,2026-06-29 11:00:00-06:00,2026-06-29,,r32,round-of-32,,,,,,,nrg,,NRG Stadium,,scheduled,0,0,,,,,STATUS_SCHEDULED,,72220,retractable,grass_overlay,2026-06-29,12.0,34.2,36.8,41.0,,,,,,,,,,,,,,,,,,,,,,,,,,,,,
75,760489,,,,2026-06-29 20:30:00+00:00,2026-06-29 14:30:00-06:00,2026-06-29,,r32,round-of-32,GER,,,,,,gillette,,Gillette Stadium,,scheduled,0,0,,,,,STATUS_SCHEDULED,,65878,open,grass_overlay,2026-06-29,16.0,29.4,28.3,29.0,UEFA,E,1.0,9.0,1000.0,False,481,8570.0,3262.0,['Germany'],,,,,,,,,,,,,,,,,,,
76,760488,,,,2026-06-30 01:00:00+00:00,2026-06-29 19:00:00-06:00,2026-06-29,,r32,round-of-32,,,,,,,bbva,,Estadio BBVA,,scheduled,0,0,,,,,STATUS_SCHEDULED,,53500,open,grass,2026-06-29,19.0,32.7,28.8,32.0,,,,,,,,,,,,,,,,,,,,,,,,,,,,,
77,760490,,,,2026-06-30 17:00:00+00:00,2026-06-30 11:00:00-06:00,2026-06-30,,r32,round-of-32,,,,,,,att,,AT&T Stadium,,scheduled,0,0,,,,,STATUS_SCHEDULED,,80000,retractable,grass_overlay,2026-06-30,12.0,33.3,35.4,38.0,,,,,,,,,,,,,,,,,,,,,,,,,,,,,
78,760492,,,,2026-06-30 21:00:00+00:00,2026-06-30 15:00:00-06:00,2026-06-30,,r32,round-of-32,,,,,,,metlife,,MetLife Stadium,,scheduled,0,0,,,,,STATUS_SCHEDULED,,82500,open,grass_overlay,2026-06-30,17.0,29.0,28.2,43.0,,,,,,,,,,,,,,,,,,,,,,,,,,,,,
79,760491,,,,2026-07-01 01:00:00+00:00,2026-06-30 19:00:00-06:00,2026-06-30,,r32,round-of-32,MEX,,,,,,azteca,,Estadio Banorte,,scheduled,0,0,,,,,STATUS_SCHEDULED,,87523,open,grass,2026-06-30,19.0,15.8,15.9,87.0,CONCACAF,A,1.0,14.0,240.0,True,203,6710.0,6303.0,['Mexico'],,,,,,,,,,,,,,,,,,,
80,760495,,,,2026-07-01 16:00:00+00:00,2026-07-01 10:00:00-06:00,2026-07-01,,r32,round-of-32,,,,,,,mercedes,,Mercedes-Benz Stadium,,scheduled,0,0,,,,,STATUS_SCHEDULED,,71000,retractable,grass_overlay,2026-07-01,12.0,30.7,33.6,43.0,,,,,,,,,,,,,,,,,,,,,,,,,,,,,
81,760493,,,,2026-07-01 20:00:00+00:00,2026-07-01 14:00:00-06:00,2026-07-01,,r32,round-of-32,,,,,,,lumen,,Lumen Field,,scheduled,0,0,,,,,STATUS_SCHEDULED,,68740,open,grass_overlay,2026-07-01,13.0,24.5,25.3,40.0,,,,,,,,,,,,,,,,,,,,,,,,,,,,,
82,760494,,,,2026-07-02 00:00:00+00:00,2026-07-01 18:00:00-06:00,2026-07-01,,r32,round-of-32,USA,,,,,,levis,,Levi's Stadium,,scheduled,0,0,,,,,STATUS_SCHEDULED,,68500,open,grass,2026-07-01,17.0,34.9,31.4,12.0,CONCACAF,D,1.0,16.0,320.0,True,660,6713.0,3505.0,['United States' 'USA' 'united states' 'usa' 'united states of america'],,,,,,,,,,,,,,,,,,,
83,760497,,,,2026-07-02 19:00:00+00:00,2026-07-02 13:00:00-06:00,2026-07-02,,r32,round-of-32,,,,,,,sofi,,SoFi Stadium,,scheduled,0,0,,,,,STATUS_SCHEDULED,,70240,fixed,grass,2026-07-02,12.0,24.5,25.3,47.0,,,,,,,,,,,,,,,,,,,,,,,,,,,,,
84,760496,,,,2026-07-02 23:00:00+00:00,2026-07-02 17:00:00-06:00,2026-07-02,,r32,round-of-32,,,,,,,bmo,,BMO Field,,scheduled,0,0,,,,,STATUS_SCHEDULED,,45500,open,grass_overlay,2026-07-02,19.0,26.9,25.3,39.0,,,,,,,,,,,,,,,,,,,,,,,,,,,,,
85,760498,,,,2026-07-03 03:00:00+00:00,2026-07-02 21:00:00-06:00,2026-07-02,,r32,round-of-32,,,,,,,bcplace,,BC Place,,scheduled,0,0,,,,,STATUS_SCHEDULED,,54500,retractable,grass_overlay,2026-07-02,20.0,19.9,19.1,52.0,,,,,,,,,,,,,,,,,,,,,,,,,,,,,
86,760499,,,,2026-07-03 18:00:00+00:00,2026-07-03 12:00:00-06:00,2026-07-03,,r32,round-of-32,,,,,,,att,,AT&T Stadium,,scheduled,0,0,,,,,STATUS_SCHEDULED,,80000,retractable,grass_overlay,2026-07-03,13.0,35.2,38.6,38.0,,,,,,,,,,,,,,,,,,,,,,,,,,,,,
87,760500,,,,2026-07-03 22:00:00+00:00,2026-07-03 16:00:00-06:00,2026-07-03,,r32,round-of-32,,,,,,,hardrock,,Hard Rock Stadium,,scheduled,0,0,,,,,STATUS_SCHEDULED,,65326,open,grass,2026-07-03,18.0,31.7,33.5,54.0,,,,,,,,,,,,,,,,,,,,,,,,,,,,,
88,760501,,,,2026-07-04 01:30:00+00:00,2026-07-03 19:30:00-06:00,2026-07-03,,r32,round-of-32,,,,,,,arrowhead,,GEHA Field at Arrowhead Stadium,,scheduled,0,0,,,,,STATUS_SCHEDULED,,76416,open,grass,2026-07-03,20.0,28.1,34.2,79.0,,,,,,,,,,,,,,,,,,,,,,,,,,,,,
89,760502,,,,2026-07-04 17:00:00+00:00,2026-07-04 11:00:00-06:00,2026-07-04,,r16,round-of-16,,,,,,,nrg,,NRG Stadium,,scheduled,0,0,,,,,STATUS_SCHEDULED,,72220,retractable,grass_overlay,2026-07-04,12.0,32.8,37.5,45.0,,,,,,,,,,,,,,,,,,,,,,,,,,,,,
90,760503,,,,2026-07-04 21:00:00+00:00,2026-07-04 15:00:00-06:00,2026-07-04,,r16,round-of-16,,,,,,,lincoln,,Lincoln Financial Field,,scheduled,0,0,,,,,STATUS_SCHEDULED,,69879,open,grass,2026-07-04,17.0,22.1,23.1,79.0,,,,,,,,,,,,,,,,,,,,,,,,,,,,,
91,760504,,,,2026-07-05 20:00:00+00:00,2026-07-05 14:00:00-06:00,2026-07-05,,r16,round-of-16,,,,,,,metlife,,MetLife Stadium,,scheduled,0,0,,,,,STATUS_SCHEDULED,,82500,open,grass_overlay,2026-07-05,16.0,25.9,23.2,30.0,,,,,,,,,,,,,,,,,,,,,,,,,,,,,
92,760505,,,,2026-07-06 00:00:00+00:00,2026-07-05 18:00:00-06:00,2026-07-05,,r16,round-of-16,,,,,,,azteca,,Estadio Banorte,,scheduled,0,0,,,,,STATUS_SCHEDULED,,87523,open,grass,2026-07-05,18.0,16.0,16.7,88.0,,,,,,,,,,,,,,,,,,,,,,,,,,,,,
93,760506,,,,2026-07-06 19:00:00+00:00,2026-07-06 13:00:00-06:00,2026-07-06,,r16,round-of-16,,,,,,,att,,AT&T Stadium,,scheduled,0,0,,,,,STATUS_SCHEDULED,,80000,retractable,grass_overlay,2026-07-06,14.0,38.9,40.8,28.0,,,,,,,,,,,,,,,,,,,,,,,,,,,,,
94,760507,,,,2026-07-07 00:00:00+00:00,2026-07-06 18:00:00-06:00,2026-07-06,,r16,round-of-16,,,,,,,lumen,,Lumen Field,,scheduled,0,0,,,,,STATUS_SCHEDULED,,68740,open,grass_overlay,2026-07-06,17.0,29.3,27.0,24.0,,,,,,,,,,,,,,,,,,,,,,,,,,,,,
95,760509,,,,2026-07-07 16:00:00+00:00,2026-07-07 10:00:00-06:00,2026-07-07,,r16,round-of-16,,,,,,,mercedes,,Mercedes-Benz Stadium,,scheduled,0,0,,,,,STATUS_SCHEDULED,,71000,retractable,grass_overlay,2026-07-07,12.0,27.7,31.6,67.0,,,,,,,,,,,,,,,,,,,,,,,,,,,,,
96,760508,,,,2026-07-07 20:00:00+00:00,2026-07-07 14:00:00-06:00,2026-07-07,,r16,round-of-16,,,,,,,bcplace,,BC Place,,scheduled,0,0,,,,,STATUS_SCHEDULED,,54500,retractable,grass_overlay,2026-07-07,13.0,21.2,21.9,50.0,,,,,,,,,,,,,,,,,,,,,,,,,,,,,
97,760510,,,,2026-07-09 20:00:00+00:00,2026-07-09 14:00:00-06:00,2026-07-09,,qf,quarterfinals,,,,,,,gillette,,Gillette Stadium,,scheduled,0,0,,,,,STATUS_SCHEDULED,,65878,open,grass_overlay,,,,,,,,,,,,,,,,,,,,,,,,,,,,,,,,,,
98,760511,,,,2026-07-10 19:00:00+00:00,2026-07-10 13:00:00-06:00,2026-07-10,,qf,quarterfinals,,,,,,,sofi,,SoFi Stadium,,scheduled,0,0,,,,,STATUS_SCHEDULED,,70240,fixed,grass,,,,,,,,,,,,,,,,,,,,,,,,,,,,,,,,,,
99,760512,,,,2026-07-11 21:00:00+00:00,2026-07-11 15:00:00-06:00,2026-07-11,,qf,quarterfinals,,,,,,,hardrock,,Hard Rock Stadium,,scheduled,0,0,,,,,STATUS_SCHEDULED,,65326,open,grass,,,,,,,,,,,,,,,,,,,,,,,,,,,,,,,,,,
100,760513,,,,2026-07-12 01:00:00+00:00,2026-07-11 19:00:00-06:00,2026-07-11,,qf,quarterfinals,,,,,,,arrowhead,,GEHA Field at Arrowhead Stadium,,scheduled,0,0,,,,,STATUS_SCHEDULED,,76416,open,grass,,,,,,,,,,,,,,,,,,,,,,,,,,,,,,,,,,
101,760514,,,,2026-07-14 19:00:00+00:00,2026-07-14 13:00:00-06:00,2026-07-14,,sf,semifinals,,,,,,,att,,AT&T Stadium,,scheduled,0,0,,,,,STATUS_SCHEDULED,,80000,retractable,grass_overlay,,,,,,,,,,,,,,,,,,,,,,,,,,,,,,,,,,
102,760515,,,,2026-07-15 19:00:00+00:00,2026-07-15 13:00:00-06:00,2026-07-15,,sf,semifinals,,,,,,,mercedes,,Mercedes-Benz Stadium,,scheduled,0,0,,,,,STATUS_SCHEDULED,,71000,retractable,grass_overlay,,,,,,,,,,,,,,,,,,,,,,,,,,,,,,,,,,
103,760516,,,,2026-07-18 21:00:00+00:00,2026-07-18 15:00:00-06:00,2026-07-18,,third_place,3rd-place-match,,,,,,,hardrock,,Hard Rock Stadium,,scheduled,0,0,,,,,STATUS_SCHEDULED,,65326,open,grass,,,,,,,,,,,,,,,,,,,,,,,,,,,,,,,,,,
104,760517,,,,2026-07-19 19:00:00+00:00,2026-07-19 13:00:00-06:00,2026-07-19,,final,final,,,,,,,metlife,,MetLife Stadium,,scheduled,0,0,,,,,STATUS_SCHEDULED,,82500,open,grass_overlay,,,,,,,,,,,,,,,,,,,,,,,,,,,,,,,,,,
